Data;432 - Taxa de juros - Meta Selic definida pelo Copom - % a.a.
01/01/2010;8,75
02/01/2010;8,75
03/01/2010;8,75
04/01/2010;8,75
05/01/2010;8,75
06/01/2010;8,75
07/01/2010;8,75
08/01/2010;8,75
09/01/2010;8,75
10/01/2010;8,75
11/01/2010;8,75
12/01/2010;8,75
13/01/2010;8,75
14/01/2010;8,75
15/01/2010;8,75
16/01/2010;8,75
17/01/2010;8,75
18/01/2010;8,75
19/01/2010;8,75
20/01/2010;8,75
21/01/2010;8,75
22/01/2010;8,75
23/01/2010;8,75
24/01/2010;8,75
25/01/2010;8,75
26/01/2010;8,75
27/01/2010;8,75
28/01/2010;8,75
29/01/2010;8,75
30/01/2010;8,75
31/01/2010;8,75
01/02/2010;8,75
02/02/2010;8,75
03/02/2010;8,75
04/02/2010;8,75
05/02/2010;8,75
06/02/2010;8,75
07/02/2010;8,75
08/02/2010;8,75
09/02/2010;8,75
10/02/2010;8,75
11/02/2010;8,75
12/02/2010;8,75
13/02/2010;8,75
14/02/2010;8,75
15/02/2010;8,75
16/02/2010;8,75
17/02/2010;8,75
18/02/2010;8,75
19/02/2010;8,75
20/02/2010;8,75
21/02/2010;8,75
22/02/2010;8,75
23/02/2010;8,75
24/02/2010;8,75
25/02/2010;8,75
26/02/2010;8,75
27/02/2010;8,75
28/02/2010;8,75
01/03/2010;8,75
02/03/2010;8,75
03/03/2010;8,75
04/03/2010;8,75
05/03/2010;8,75
06/03/2010;8,75
07/03/2010;8,75
08/03/2010;8,75
09/03/2010;8,75
10/03/2010;8,75
11/03/2010;8,75
12/03/2010;8,75
13/03/2010;8,75
14/03/2010;8,75
15/03/2010;8,75
16/03/2010;8,75
17/03/2010;8,75
18/03/2010;8,75
19/03/2010;8,75
20/03/2010;8,75
21/03/2010;8,75
22/03/2010;8,75
23/03/2010;8,75
24/03/2010;8,75
25/03/2010;8,75
26/03/2010;8,75
27/03/2010;8,75
28/03/2010;8,75
29/03/2010;8,75
30/03/2010;8,75
31/03/2010;8,75
01/04/2010;8,75
02/04/2010;8,75
03/04/2010;8,75
04/04/2010;8,75
05/04/2010;8,75
06/04/2010;8,75
07/04/2010;8,75
08/04/2010;8,75
09/04/2010;8,75
10/04/2010;8,75
11/04/2010;8,75
12/04/2010;8,75
13/04/2010;8,75
14/04/2010;8,75
15/04/2010;8,75
16/04/2010;8,75
17/04/2010;8,75
18/04/2010;8,75
19/04/2010;8,75
20/04/2010;8,75
21/04/2010;8,75
22/04/2010;8,75
23/04/2010;8,75
24/04/2010;8,75
25/04/2010;8,75
26/04/2010;8,75
27/04/2010;8,75
28/04/2010;8,75
29/04/2010;9,5
30/04/2010;9,5
01/05/2010;9,5
02/05/2010;9,5
03/05/2010;9,5
04/05/2010;9,5
05/05/2010;9,5
06/05/2010;9,5
07/05/2010;9,5
08/05/2010;9,5
09/05/2010;9,5
10/05/2010;9,5
11/05/2010;9,5
12/05/2010;9,5
13/05/2010;9,5
14/05/2010;9,5
15/05/2010;9,5
16/05/2010;9,5
17/05/2010;9,5
18/05/2010;9,5
19/05/2010;9,5
20/05/2010;9,5
21/05/2010;9,5
22/05/2010;9,5
23/05/2010;9,5
24/05/2010;9,5
25/05/2010;9,5
26/05/2010;9,5
27/05/2010;9,5
28/05/2010;9,5
29/05/2010;9,5
30/05/2010;9,5
31/05/2010;9,5
01/06/2010;9,5
02/06/2010;9,5
03/06/2010;9,5
04/06/2010;9,5
05/06/2010;9,5
06/06/2010;9,5
07/06/2010;9,5
08/06/2010;9,5
09/06/2010;9,5
10/06/2010;10,25
11/06/2010;10,25
12/06/2010;10,25
13/06/2010;10,25
14/06/2010;10,25
15/06/2010;10,25
16/06/2010;10,25
17/06/2010;10,25
18/06/2010;10,25
19/06/2010;10,25
20/06/2010;10,25
21/06/2010;10,25
22/06/2010;10,25
23/06/2010;10,25
24/06/2010;10,25
25/06/2010;10,25
26/06/2010;10,25
27/06/2010;10,25
28/06/2010;10,25
29/06/2010;10,25
30/06/2010;10,25
01/07/2010;10,25
02/07/2010;10,25
03/07/2010;10,25
04/07/2010;10,25
05/07/2010;10,25
06/07/2010;10,25
07/07/2010;10,25
08/07/2010;10,25
09/07/2010;10,25
10/07/2010;10,25
11/07/2010;10,25
12/07/2010;10,25
13/07/2010;10,25
14/07/2010;10,25
15/07/2010;10,25
16/07/2010;10,25
17/07/2010;10,25
18/07/2010;10,25
19/07/2010;10,25
20/07/2010;10,25
21/07/2010;10,25
22/07/2010;10,75
23/07/2010;10,75
24/07/2010;10,75
25/07/2010;10,75
26/07/2010;10,75
27/07/2010;10,75
28/07/2010;10,75
29/07/2010;10,75
30/07/2010;10,75
31/07/2010;10,75
01/08/2010;10,75
02/08/2010;10,75
03/08/2010;10,75
04/08/2010;10,75
05/08/2010;10,75
06/08/2010;10,75
07/08/2010;10,75
08/08/2010;10,75
09/08/2010;10,75
10/08/2010;10,75
11/08/2010;10,75
12/08/2010;10,75
13/08/2010;10,75
14/08/2010;10,75
15/08/2010;10,75
16/08/2010;10,75
17/08/2010;10,75
18/08/2010;10,75
19/08/2010;10,75
20/08/2010;10,75
21/08/2010;10,75
22/08/2010;10,75
23/08/2010;10,75
24/08/2010;10,75
25/08/2010;10,75
26/08/2010;10,75
27/08/2010;10,75
28/08/2010;10,75
29/08/2010;10,75
30/08/2010;10,75
31/08/2010;10,75
01/09/2010;10,75
02/09/2010;10,75
03/09/2010;10,75
04/09/2010;10,75
05/09/2010;10,75
06/09/2010;10,75
07/09/2010;10,75
08/09/2010;10,75
09/09/2010;10,75
10/09/2010;10,75
11/09/2010;10,75
12/09/2010;10,75
13/09/2010;10,75
14/09/2010;10,75
15/09/2010;10,75
16/09/2010;10,75
17/09/2010;10,75
18/09/2010;10,75
19/09/2010;10,75
20/09/2010;10,75
21/09/2010;10,75
22/09/2010;10,75
23/09/2010;10,75
24/09/2010;10,75
25/09/2010;10,75
26/09/2010;10,75
27/09/2010;10,75
28/09/2010;10,75
29/09/2010;10,75
30/09/2010;10,75
01/10/2010;10,75
02/10/2010;10,75
03/10/2010;10,75
04/10/2010;10,75
05/10/2010;10,75
06/10/2010;10,75
07/10/2010;10,75
08/10/2010;10,75
09/10/2010;10,75
10/10/2010;10,75
11/10/2010;10,75
12/10/2010;10,75
13/10/2010;10,75
14/10/2010;10,75
15/10/2010;10,75
16/10/2010;10,75
17/10/2010;10,75
18/10/2010;10,75
19/10/2010;10,75
20/10/2010;10,75
21/10/2010;10,75
22/10/2010;10,75
23/10/2010;10,75
24/10/2010;10,75
25/10/2010;10,75
26/10/2010;10,75
27/10/2010;10,75
28/10/2010;10,75
29/10/2010;10,75
30/10/2010;10,75
31/10/2010;10,75
01/11/2010;10,75
02/11/2010;10,75
03/11/2010;10,75
04/11/2010;10,75
05/11/2010;10,75
06/11/2010;10,75
07/11/2010;10,75
08/11/2010;10,75
09/11/2010;10,75
10/11/2010;10,75
11/11/2010;10,75
12/11/2010;10,75
13/11/2010;10,75
14/11/2010;10,75
15/11/2010;10,75
16/11/2010;10,75
17/11/2010;10,75
18/11/2010;10,75
19/11/2010;10,75
20/11/2010;10,75
21/11/2010;10,75
22/11/2010;10,75
23/11/2010;10,75
24/11/2010;10,75
25/11/2010;10,75
26/11/2010;10,75
27/11/2010;10,75
28/11/2010;10,75
29/11/2010;10,75
30/11/2010;10,75
01/12/2010;10,75
02/12/2010;10,75
03/12/2010;10,75
04/12/2010;10,75
05/12/2010;10,75
06/12/2010;10,75
07/12/2010;10,75
08/12/2010;10,75
09/12/2010;10,75
10/12/2010;10,75
11/12/2010;10,75
12/12/2010;10,75
13/12/2010;10,75
14/12/2010;10,75
15/12/2010;10,75
16/12/2010;10,75
17/12/2010;10,75
18/12/2010;10,75
19/12/2010;10,75
20/12/2010;10,75
21/12/2010;10,75
22/12/2010;10,75
23/12/2010;10,75
24/12/2010;10,75
25/12/2010;10,75
26/12/2010;10,75
27/12/2010;10,75
28/12/2010;10,75
29/12/2010;10,75
30/12/2010;10,75
31/12/2010;10,75
01/01/2011;10,75
02/01/2011;10,75
03/01/2011;10,75
04/01/2011;10,75
05/01/2011;10,75
06/01/2011;10,75
07/01/2011;10,75
08/01/2011;10,75
09/01/2011;10,75
10/01/2011;10,75
11/01/2011;10,75
12/01/2011;10,75
13/01/2011;10,75
14/01/2011;10,75
15/01/2011;10,75
16/01/2011;10,75
17/01/2011;10,75
18/01/2011;10,75
19/01/2011;10,75
20/01/2011;11,25
21/01/2011;11,25
22/01/2011;11,25
23/01/2011;11,25
24/01/2011;11,25
25/01/2011;11,25
26/01/2011;11,25
27/01/2011;11,25
28/01/2011;11,25
29/01/2011;11,25
30/01/2011;11,25
31/01/2011;11,25
01/02/2011;11,25
02/02/2011;11,25
03/02/2011;11,25
04/02/2011;11,25
05/02/2011;11,25
06/02/2011;11,25
07/02/2011;11,25
08/02/2011;11,25
09/02/2011;11,25
10/02/2011;11,25
11/02/2011;11,25
12/02/2011;11,25
13/02/2011;11,25
14/02/2011;11,25
15/02/2011;11,25
16/02/2011;11,25
17/02/2011;11,25
18/02/2011;11,25
19/02/2011;11,25
20/02/2011;11,25
21/02/2011;11,25
22/02/2011;11,25
23/02/2011;11,25
24/02/2011;11,25
25/02/2011;11,25
26/02/2011;11,25
27/02/2011;11,25
28/02/2011;11,25
01/03/2011;11,25
02/03/2011;11,25
03/03/2011;11,75
04/03/2011;11,75
05/03/2011;11,75
06/03/2011;11,75
07/03/2011;11,75
08/03/2011;11,75
09/03/2011;11,75
10/03/2011;11,75
11/03/2011;11,75
12/03/2011;11,75
13/03/2011;11,75
14/03/2011;11,75
15/03/2011;11,75
16/03/2011;11,75
17/03/2011;11,75
18/03/2011;11,75
19/03/2011;11,75
20/03/2011;11,75
21/03/2011;11,75
22/03/2011;11,75
23/03/2011;11,75
24/03/2011;11,75
25/03/2011;11,75
26/03/2011;11,75
27/03/2011;11,75
28/03/2011;11,75
29/03/2011;11,75
30/03/2011;11,75
31/03/2011;11,75
01/04/2011;11,75
02/04/2011;11,75
03/04/2011;11,75
04/04/2011;11,75
05/04/2011;11,75
06/04/2011;11,75
07/04/2011;11,75
08/04/2011;11,75
09/04/2011;11,75
10/04/2011;11,75
11/04/2011;11,75
12/04/2011;11,75
13/04/2011;11,75
14/04/2011;11,75
15/04/2011;11,75
16/04/2011;11,75
17/04/2011;11,75
18/04/2011;11,75
19/04/2011;11,75
20/04/2011;11,75
21/04/2011;11,75
22/04/2011;11,75
23/04/2011;11,75
24/04/2011;11,75
25/04/2011;12
26/04/2011;12
27/04/2011;12
28/04/2011;12
29/04/2011;12
30/04/2011;12
01/05/2011;12
02/05/2011;12
03/05/2011;12
04/05/2011;12
05/05/2011;12
06/05/2011;12
07/05/2011;12
08/05/2011;12
09/05/2011;12
10/05/2011;12
11/05/2011;12
12/05/2011;12
13/05/2011;12
14/05/2011;12
15/05/2011;12
16/05/2011;12
17/05/2011;12
18/05/2011;12
19/05/2011;12
20/05/2011;12
21/05/2011;12
22/05/2011;12
23/05/2011;12
24/05/2011;12
25/05/2011;12
26/05/2011;12
27/05/2011;12
28/05/2011;12
29/05/2011;12
30/05/2011;12
31/05/2011;12
01/06/2011;12
02/06/2011;12
03/06/2011;12
04/06/2011;12
05/06/2011;12
06/06/2011;12
07/06/2011;12
08/06/2011;12
09/06/2011;12,25
10/06/2011;12,25
11/06/2011;12,25
12/06/2011;12,25
13/06/2011;12,25
14/06/2011;12,25
15/06/2011;12,25
16/06/2011;12,25
17/06/2011;12,25
18/06/2011;12,25
19/06/2011;12,25
20/06/2011;12,25
21/06/2011;12,25
22/06/2011;12,25
23/06/2011;12,25
24/06/2011;12,25
25/06/2011;12,25
26/06/2011;12,25
27/06/2011;12,25
28/06/2011;12,25
29/06/2011;12,25
30/06/2011;12,25
01/07/2011;12,25
02/07/2011;12,25
03/07/2011;12,25
04/07/2011;12,25
05/07/2011;12,25
06/07/2011;12,25
07/07/2011;12,25
08/07/2011;12,25
09/07/2011;12,25
10/07/2011;12,25
11/07/2011;12,25
12/07/2011;12,25
13/07/2011;12,25
14/07/2011;12,25
15/07/2011;12,25
16/07/2011;12,25
17/07/2011;12,25
18/07/2011;12,25
19/07/2011;12,25
20/07/2011;12,25
21/07/2011;12,5
22/07/2011;12,5
23/07/2011;12,5
24/07/2011;12,5
25/07/2011;12,5
26/07/2011;12,5
27/07/2011;12,5
28/07/2011;12,5
29/07/2011;12,5
30/07/2011;12,5
31/07/2011;12,5
01/08/2011;12,5
02/08/2011;12,5
03/08/2011;12,5
04/08/2011;12,5
05/08/2011;12,5
06/08/2011;12,5
07/08/2011;12,5
08/08/2011;12,5
09/08/2011;12,5
10/08/2011;12,5
11/08/2011;12,5
12/08/2011;12,5
13/08/2011;12,5
14/08/2011;12,5
15/08/2011;12,5
16/08/2011;12,5
17/08/2011;12,5
18/08/2011;12,5
19/08/2011;12,5
20/08/2011;12,5
21/08/2011;12,5
22/08/2011;12,5
23/08/2011;12,5
24/08/2011;12,5
25/08/2011;12,5
26/08/2011;12,5
27/08/2011;12,5
28/08/2011;12,5
29/08/2011;12,5
30/08/2011;12,5
31/08/2011;12,5
01/09/2011;12
02/09/2011;12
03/09/2011;12
04/09/2011;12
05/09/2011;12
06/09/2011;12
07/09/2011;12
08/09/2011;12
09/09/2011;12
10/09/2011;12
11/09/2011;12
12/09/2011;12
13/09/2011;12
14/09/2011;12
15/09/2011;12
16/09/2011;12
17/09/2011;12
18/09/2011;12
19/09/2011;12
20/09/2011;12
21/09/2011;12
22/09/2011;12
23/09/2011;12
24/09/2011;12
25/09/2011;12
26/09/2011;12
27/09/2011;12
28/09/2011;12
29/09/2011;12
30/09/2011;12
01/10/2011;12
02/10/2011;12
03/10/2011;12
04/10/2011;12
05/10/2011;12
06/10/2011;12
07/10/2011;12
08/10/2011;12
09/10/2011;12
10/10/2011;12
11/10/2011;12
12/10/2011;12
13/10/2011;12
14/10/2011;12
15/10/2011;12
16/10/2011;12
17/10/2011;12
18/10/2011;12
19/10/2011;12
20/10/2011;11,5
21/10/2011;11,5
22/10/2011;11,5
23/10/2011;11,5
24/10/2011;11,5
25/10/2011;11,5
26/10/2011;11,5
27/10/2011;11,5
28/10/2011;11,5
29/10/2011;11,5
30/10/2011;11,5
31/10/2011;11,5
01/11/2011;11,5
02/11/2011;11,5
03/11/2011;11,5
04/11/2011;11,5
05/11/2011;11,5
06/11/2011;11,5
07/11/2011;11,5
08/11/2011;11,5
09/11/2011;11,5
10/11/2011;11,5
11/11/2011;11,5
12/11/2011;11,5
13/11/2011;11,5
14/11/2011;11,5
15/11/2011;11,5
16/11/2011;11,5
17/11/2011;11,5
18/11/2011;11,5
19/11/2011;11,5
20/11/2011;11,5
21/11/2011;11,5
22/11/2011;11,5
23/11/2011;11,5
24/11/2011;11,5
25/11/2011;11,5
26/11/2011;11,5
27/11/2011;11,5
28/11/2011;11,5
29/11/2011;11,5
30/11/2011;11,5
01/12/2011;11
02/12/2011;11
03/12/2011;11
04/12/2011;11
05/12/2011;11
06/12/2011;11
07/12/2011;11
08/12/2011;11
09/12/2011;11
10/12/2011;11
11/12/2011;11
12/12/2011;11
13/12/2011;11
14/12/2011;11
15/12/2011;11
16/12/2011;11
17/12/2011;11
18/12/2011;11
19/12/2011;11
20/12/2011;11
21/12/2011;11
22/12/2011;11
23/12/2011;11
24/12/2011;11
25/12/2011;11
26/12/2011;11
27/12/2011;11
28/12/2011;11
29/12/2011;11
30/12/2011;11
31/12/2011;11
01/01/2012;11
02/01/2012;11
03/01/2012;11
04/01/2012;11
05/01/2012;11
06/01/2012;11
07/01/2012;11
08/01/2012;11
09/01/2012;11
10/01/2012;11
11/01/2012;11
12/01/2012;11
13/01/2012;11
14/01/2012;11
15/01/2012;11
16/01/2012;11
17/01/2012;11
18/01/2012;11
19/01/2012;10,5
20/01/2012;10,5
21/01/2012;10,5
22/01/2012;10,5
23/01/2012;10,5
24/01/2012;10,5
25/01/2012;10,5
26/01/2012;10,5
27/01/2012;10,5
28/01/2012;10,5
29/01/2012;10,5
30/01/2012;10,5
31/01/2012;10,5
01/02/2012;10,5
02/02/2012;10,5
03/02/2012;10,5
04/02/2012;10,5
05/02/2012;10,5
06/02/2012;10,5
07/02/2012;10,5
08/02/2012;10,5
09/02/2012;10,5
10/02/2012;10,5
11/02/2012;10,5
12/02/2012;10,5
13/02/2012;10,5
14/02/2012;10,5
15/02/2012;10,5
16/02/2012;10,5
17/02/2012;10,5
18/02/2012;10,5
19/02/2012;10,5
20/02/2012;10,5
21/02/2012;10,5
22/02/2012;10,5
23/02/2012;10,5
24/02/2012;10,5
25/02/2012;10,5
26/02/2012;10,5
27/02/2012;10,5
28/02/2012;10,5
29/02/2012;10,5
01/03/2012;10,5
02/03/2012;10,5
03/03/2012;10,5
04/03/2012;10,5
05/03/2012;10,5
06/03/2012;10,5
07/03/2012;10,5
08/03/2012;9,75
09/03/2012;9,75
10/03/2012;9,75
11/03/2012;9,75
12/03/2012;9,75
13/03/2012;9,75
14/03/2012;9,75
15/03/2012;9,75
16/03/2012;9,75
17/03/2012;9,75
18/03/2012;9,75
19/03/2012;9,75
20/03/2012;9,75
21/03/2012;9,75
22/03/2012;9,75
23/03/2012;9,75
24/03/2012;9,75
25/03/2012;9,75
26/03/2012;9,75
27/03/2012;9,75
28/03/2012;9,75
29/03/2012;9,75
30/03/2012;9,75
31/03/2012;9,75
01/04/2012;9,75
02/04/2012;9,75
03/04/2012;9,75
04/04/2012;9,75
05/04/2012;9,75
06/04/2012;9,75
07/04/2012;9,75
08/04/2012;9,75
09/04/2012;9,75
10/04/2012;9,75
11/04/2012;9,75
12/04/2012;9,75
13/04/2012;9,75
14/04/2012;9,75
15/04/2012;9,75
16/04/2012;9,75
17/04/2012;9,75
18/04/2012;9,75
19/04/2012;9
20/04/2012;9
21/04/2012;9
22/04/2012;9
23/04/2012;9
24/04/2012;9
25/04/2012;9
26/04/2012;9
27/04/2012;9
28/04/2012;9
29/04/2012;9
30/04/2012;9
01/05/2012;9
02/05/2012;9
03/05/2012;9
04/05/2012;9
05/05/2012;9
06/05/2012;9
07/05/2012;9
08/05/2012;9
09/05/2012;9
10/05/2012;9
11/05/2012;9
12/05/2012;9
13/05/2012;9
14/05/2012;9
15/05/2012;9
16/05/2012;9
17/05/2012;9
18/05/2012;9
19/05/2012;9
20/05/2012;9
21/05/2012;9
22/05/2012;9
23/05/2012;9
24/05/2012;9
25/05/2012;9
26/05/2012;9
27/05/2012;9
28/05/2012;9
29/05/2012;9
30/05/2012;9
31/05/2012;8,5
01/06/2012;8,5
02/06/2012;8,5
03/06/2012;8,5
04/06/2012;8,5
05/06/2012;8,5
06/06/2012;8,5
07/06/2012;8,5
08/06/2012;8,5
09/06/2012;8,5
10/06/2012;8,5
11/06/2012;8,5
12/06/2012;8,5
13/06/2012;8,5
14/06/2012;8,5
15/06/2012;8,5
16/06/2012;8,5
17/06/2012;8,5
18/06/2012;8,5
19/06/2012;8,5
20/06/2012;8,5
21/06/2012;8,5
22/06/2012;8,5
23/06/2012;8,5
24/06/2012;8,5
25/06/2012;8,5
26/06/2012;8,5
27/06/2012;8,5
28/06/2012;8,5
29/06/2012;8,5
30/06/2012;8,5
01/07/2012;8,5
02/07/2012;8,5
03/07/2012;8,5
04/07/2012;8,5
05/07/2012;8,5
06/07/2012;8,5
07/07/2012;8,5
08/07/2012;8,5
09/07/2012;8,5
10/07/2012;8,5
11/07/2012;8,5
12/07/2012;8
13/07/2012;8
14/07/2012;8
15/07/2012;8
16/07/2012;8
17/07/2012;8
18/07/2012;8
19/07/2012;8
20/07/2012;8
21/07/2012;8
22/07/2012;8
23/07/2012;8
24/07/2012;8
25/07/2012;8
26/07/2012;8
27/07/2012;8
28/07/2012;8
29/07/2012;8
30/07/2012;8
31/07/2012;8
01/08/2012;8
02/08/2012;8
03/08/2012;8
04/08/2012;8
05/08/2012;8
06/08/2012;8
07/08/2012;8
08/08/2012;8
09/08/2012;8
10/08/2012;8
11/08/2012;8
12/08/2012;8
13/08/2012;8
14/08/2012;8
15/08/2012;8
16/08/2012;8
17/08/2012;8
18/08/2012;8
19/08/2012;8
20/08/2012;8
21/08/2012;8
22/08/2012;8
23/08/2012;8
24/08/2012;8
25/08/2012;8
26/08/2012;8
27/08/2012;8
28/08/2012;8
29/08/2012;8
30/08/2012;7,5
31/08/2012;7,5
01/09/2012;7,5
02/09/2012;7,5
03/09/2012;7,5
04/09/2012;7,5
05/09/2012;7,5
06/09/2012;7,5
07/09/2012;7,5
08/09/2012;7,5
09/09/2012;7,5
10/09/2012;7,5
11/09/2012;7,5
12/09/2012;7,5
13/09/2012;7,5
14/09/2012;7,5
15/09/2012;7,5
16/09/2012;7,5
17/09/2012;7,5
18/09/2012;7,5
19/09/2012;7,5
20/09/2012;7,5
21/09/2012;7,5
22/09/2012;7,5
23/09/2012;7,5
24/09/2012;7,5
25/09/2012;7,5
26/09/2012;7,5
27/09/2012;7,5
28/09/2012;7,5
29/09/2012;7,5
30/09/2012;7,5
01/10/2012;7,5
02/10/2012;7,5
03/10/2012;7,5
04/10/2012;7,5
05/10/2012;7,5
06/10/2012;7,5
07/10/2012;7,5
08/10/2012;7,5
09/10/2012;7,5
10/10/2012;7,5
11/10/2012;7,25
12/10/2012;7,25
13/10/2012;7,25
14/10/2012;7,25
15/10/2012;7,25
16/10/2012;7,25
17/10/2012;7,25
18/10/2012;7,25
19/10/2012;7,25
20/10/2012;7,25
21/10/2012;7,25
22/10/2012;7,25
23/10/2012;7,25
24/10/2012;7,25
25/10/2012;7,25
26/10/2012;7,25
27/10/2012;7,25
28/10/2012;7,25
29/10/2012;7,25
30/10/2012;7,25
31/10/2012;7,25
01/11/2012;7,25
02/11/2012;7,25
03/11/2012;7,25
04/11/2012;7,25
05/11/2012;7,25
06/11/2012;7,25
07/11/2012;7,25
08/11/2012;7,25
09/11/2012;7,25
10/11/2012;7,25
11/11/2012;7,25
12/11/2012;7,25
13/11/2012;7,25
14/11/2012;7,25
15/11/2012;7,25
16/11/2012;7,25
17/11/2012;7,25
18/11/2012;7,25
19/11/2012;7,25
20/11/2012;7,25
21/11/2012;7,25
22/11/2012;7,25
23/11/2012;7,25
24/11/2012;7,25
25/11/2012;7,25
26/11/2012;7,25
27/11/2012;7,25
28/11/2012;7,25
29/11/2012;7,25
30/11/2012;7,25
01/12/2012;7,25
02/12/2012;7,25
03/12/2012;7,25
04/12/2012;7,25
05/12/2012;7,25
06/12/2012;7,25
07/12/2012;7,25
08/12/2012;7,25
09/12/2012;7,25
10/12/2012;7,25
11/12/2012;7,25
12/12/2012;7,25
13/12/2012;7,25
14/12/2012;7,25
15/12/2012;7,25
16/12/2012;7,25
17/12/2012;7,25
18/12/2012;7,25
19/12/2012;7,25
20/12/2012;7,25
21/12/2012;7,25
22/12/2012;7,25
23/12/2012;7,25
24/12/2012;7,25
25/12/2012;7,25
26/12/2012;7,25
27/12/2012;7,25
28/12/2012;7,25
29/12/2012;7,25
30/12/2012;7,25
31/12/2012;7,25
01/01/2013;7,25
02/01/2013;7,25
03/01/2013;7,25
04/01/2013;7,25
05/01/2013;7,25
06/01/2013;7,25
07/01/2013;7,25
08/01/2013;7,25
09/01/2013;7,25
10/01/2013;7,25
11/01/2013;7,25
12/01/2013;7,25
13/01/2013;7,25
14/01/2013;7,25
15/01/2013;7,25
16/01/2013;7,25
17/01/2013;7,25
18/01/2013;7,25
19/01/2013;7,25
20/01/2013;7,25
21/01/2013;7,25
22/01/2013;7,25
23/01/2013;7,25
24/01/2013;7,25
25/01/2013;7,25
26/01/2013;7,25
27/01/2013;7,25
28/01/2013;7,25
29/01/2013;7,25
30/01/2013;7,25
31/01/2013;7,25
01/02/2013;7,25
02/02/2013;7,25
03/02/2013;7,25
04/02/2013;7,25
05/02/2013;7,25
06/02/2013;7,25
07/02/2013;7,25
08/02/2013;7,25
09/02/2013;7,25
10/02/2013;7,25
11/02/2013;7,25
12/02/2013;7,25
13/02/2013;7,25
14/02/2013;7,25
15/02/2013;7,25
16/02/2013;7,25
17/02/2013;7,25
18/02/2013;7,25
19/02/2013;7,25
20/02/2013;7,25
21/02/2013;7,25
22/02/2013;7,25
23/02/2013;7,25
24/02/2013;7,25
25/02/2013;7,25
26/02/2013;7,25
27/02/2013;7,25
28/02/2013;7,25
01/03/2013;7,25
02/03/2013;7,25
03/03/2013;7,25
04/03/2013;7,25
05/03/2013;7,25
06/03/2013;7,25
07/03/2013;7,25
08/03/2013;7,25
09/03/2013;7,25
10/03/2013;7,25
11/03/2013;7,25
12/03/2013;7,25
13/03/2013;7,25
14/03/2013;7,25
15/03/2013;7,25
16/03/2013;7,25
17/03/2013;7,25
18/03/2013;7,25
19/03/2013;7,25
20/03/2013;7,25
21/03/2013;7,25
22/03/2013;7,25
23/03/2013;7,25
24/03/2013;7,25
25/03/2013;7,25
26/03/2013;7,25
27/03/2013;7,25
28/03/2013;7,25
29/03/2013;7,25
30/03/2013;7,25
31/03/2013;7,25
01/04/2013;7,25
02/04/2013;7,25
03/04/2013;7,25
04/04/2013;7,25
05/04/2013;7,25
06/04/2013;7,25
07/04/2013;7,25
08/04/2013;7,25
09/04/2013;7,25
10/04/2013;7,25
11/04/2013;7,25
12/04/2013;7,25
13/04/2013;7,25
14/04/2013;7,25
15/04/2013;7,25
16/04/2013;7,25
17/04/2013;7,25
18/04/2013;7,5
19/04/2013;7,5
20/04/2013;7,5
21/04/2013;7,5
22/04/2013;7,5
23/04/2013;7,5
24/04/2013;7,5
25/04/2013;7,5
26/04/2013;7,5
27/04/2013;7,5
28/04/2013;7,5
29/04/2013;7,5
30/04/2013;7,5
01/05/2013;7,5
02/05/2013;7,5
03/05/2013;7,5
04/05/2013;7,5
05/05/2013;7,5
06/05/2013;7,5
07/05/2013;7,5
08/05/2013;7,5
09/05/2013;7,5
10/05/2013;7,5
11/05/2013;7,5
12/05/2013;7,5
13/05/2013;7,5
14/05/2013;7,5
15/05/2013;7,5
16/05/2013;7,5
17/05/2013;7,5
18/05/2013;7,5
19/05/2013;7,5
20/05/2013;7,5
21/05/2013;7,5
22/05/2013;7,5
23/05/2013;7,5
24/05/2013;7,5
25/05/2013;7,5
26/05/2013;7,5
27/05/2013;7,5
28/05/2013;7,5
29/05/2013;7,5
30/05/2013;8
31/05/2013;8
01/06/2013;8
02/06/2013;8
03/06/2013;8
04/06/2013;8
05/06/2013;8
06/06/2013;8
07/06/2013;8
08/06/2013;8
09/06/2013;8
10/06/2013;8
11/06/2013;8
12/06/2013;8
13/06/2013;8
14/06/2013;8
15/06/2013;8
16/06/2013;8
17/06/2013;8
18/06/2013;8
19/06/2013;8
20/06/2013;8
21/06/2013;8
22/06/2013;8
23/06/2013;8
24/06/2013;8
25/06/2013;8
26/06/2013;8
27/06/2013;8
28/06/2013;8
29/06/2013;8
30/06/2013;8
01/07/2013;8
02/07/2013;8
03/07/2013;8
04/07/2013;8
05/07/2013;8
06/07/2013;8
07/07/2013;8
08/07/2013;8
09/07/2013;8
10/07/2013;8
11/07/2013;8,5
12/07/2013;8,5
13/07/2013;8,5
14/07/2013;8,5
15/07/2013;8,5
16/07/2013;8,5
17/07/2013;8,5
18/07/2013;8,5
19/07/2013;8,5
20/07/2013;8,5
21/07/2013;8,5
22/07/2013;8,5
23/07/2013;8,5
24/07/2013;8,5
25/07/2013;8,5
26/07/2013;8,5
27/07/2013;8,5
28/07/2013;8,5
29/07/2013;8,5
30/07/2013;8,5
31/07/2013;8,5
01/08/2013;8,5
02/08/2013;8,5
03/08/2013;8,5
04/08/2013;8,5
05/08/2013;8,5
06/08/2013;8,5
07/08/2013;8,5
08/08/2013;8,5
09/08/2013;8,5
10/08/2013;8,5
11/08/2013;8,5
12/08/2013;8,5
13/08/2013;8,5
14/08/2013;8,5
15/08/2013;8,5
16/08/2013;8,5
17/08/2013;8,5
18/08/2013;8,5
19/08/2013;8,5
20/08/2013;8,5
21/08/2013;8,5
22/08/2013;8,5
23/08/2013;8,5
24/08/2013;8,5
25/08/2013;8,5
26/08/2013;8,5
27/08/2013;8,5
28/08/2013;8,5
29/08/2013;9
30/08/2013;9
31/08/2013;9
01/09/2013;9
02/09/2013;9
03/09/2013;9
04/09/2013;9
05/09/2013;9
06/09/2013;9
07/09/2013;9
08/09/2013;9
09/09/2013;9
10/09/2013;9
11/09/2013;9
12/09/2013;9
13/09/2013;9
14/09/2013;9
15/09/2013;9
16/09/2013;9
17/09/2013;9
18/09/2013;9
19/09/2013;9
20/09/2013;9
21/09/2013;9
22/09/2013;9
23/09/2013;9
24/09/2013;9
25/09/2013;9
26/09/2013;9
27/09/2013;9
28/09/2013;9
29/09/2013;9
30/09/2013;9
01/10/2013;9
02/10/2013;9
03/10/2013;9
04/10/2013;9
05/10/2013;9
06/10/2013;9
07/10/2013;9
08/10/2013;9
09/10/2013;9
10/10/2013;9,5
11/10/2013;9,5
12/10/2013;9,5
13/10/2013;9,5
14/10/2013;9,5
15/10/2013;9,5
16/10/2013;9,5
17/10/2013;9,5
18/10/2013;9,5
19/10/2013;9,5
20/10/2013;9,5
21/10/2013;9,5
22/10/2013;9,5
23/10/2013;9,5
24/10/2013;9,5
25/10/2013;9,5
26/10/2013;9,5
27/10/2013;9,5
28/10/2013;9,5
29/10/2013;9,5
30/10/2013;9,5
31/10/2013;9,5
01/11/2013;9,5
02/11/2013;9,5
03/11/2013;9,5
04/11/2013;9,5
05/11/2013;9,5
06/11/2013;9,5
07/11/2013;9,5
08/11/2013;9,5
09/11/2013;9,5
10/11/2013;9,5
11/11/2013;9,5
12/11/2013;9,5
13/11/2013;9,5
14/11/2013;9,5
15/11/2013;9,5
16/11/2013;9,5
17/11/2013;9,5
18/11/2013;9,5
19/11/2013;9,5
20/11/2013;9,5
21/11/2013;9,5
22/11/2013;9,5
23/11/2013;9,5
24/11/2013;9,5
25/11/2013;9,5
26/11/2013;9,5
27/11/2013;9,5
28/11/2013;10
29/11/2013;10
30/11/2013;10
01/12/2013;10
02/12/2013;10
03/12/2013;10
04/12/2013;10
05/12/2013;10
06/12/2013;10
07/12/2013;10
08/12/2013;10
09/12/2013;10
10/12/2013;10
11/12/2013;10
12/12/2013;10
13/12/2013;10
14/12/2013;10
15/12/2013;10
16/12/2013;10
17/12/2013;10
18/12/2013;10
19/12/2013;10
20/12/2013;10
21/12/2013;10
22/12/2013;10
23/12/2013;10
24/12/2013;10
25/12/2013;10
26/12/2013;10
27/12/2013;10
28/12/2013;10
29/12/2013;10
30/12/2013;10
31/12/2013;10
01/01/2014;10
02/01/2014;10
03/01/2014;10
04/01/2014;10
05/01/2014;10
06/01/2014;10
07/01/2014;10
08/01/2014;10
09/01/2014;10
10/01/2014;10
11/01/2014;10
12/01/2014;10
13/01/2014;10
14/01/2014;10
15/01/2014;10
16/01/2014;10,5
17/01/2014;10,5
18/01/2014;10,5
19/01/2014;10,5
20/01/2014;10,5
21/01/2014;10,5
22/01/2014;10,5
23/01/2014;10,5
24/01/2014;10,5
25/01/2014;10,5
26/01/2014;10,5
27/01/2014;10,5
28/01/2014;10,5
29/01/2014;10,5
30/01/2014;10,5
31/01/2014;10,5
01/02/2014;10,5
02/02/2014;10,5
03/02/2014;10,5
04/02/2014;10,5
05/02/2014;10,5
06/02/2014;10,5
07/02/2014;10,5
08/02/2014;10,5
09/02/2014;10,5
10/02/2014;10,5
11/02/2014;10,5
12/02/2014;10,5
13/02/2014;10,5
14/02/2014;10,5
15/02/2014;10,5
16/02/2014;10,5
17/02/2014;10,5
18/02/2014;10,5
19/02/2014;10,5
20/02/2014;10,5
21/02/2014;10,5
22/02/2014;10,5
23/02/2014;10,5
24/02/2014;10,5
25/02/2014;10,5
26/02/2014;10,5
27/02/2014;10,75
28/02/2014;10,75
01/03/2014;10,75
02/03/2014;10,75
03/03/2014;10,75
04/03/2014;10,75
05/03/2014;10,75
06/03/2014;10,75
07/03/2014;10,75
08/03/2014;10,75
09/03/2014;10,75
10/03/2014;10,75
11/03/2014;10,75
12/03/2014;10,75
13/03/2014;10,75
14/03/2014;10,75
15/03/2014;10,75
16/03/2014;10,75
17/03/2014;10,75
18/03/2014;10,75
19/03/2014;10,75
20/03/2014;10,75
21/03/2014;10,75
22/03/2014;10,75
23/03/2014;10,75
24/03/2014;10,75
25/03/2014;10,75
26/03/2014;10,75
27/03/2014;10,75
28/03/2014;10,75
29/03/2014;10,75
30/03/2014;10,75
31/03/2014;10,75
01/04/2014;10,75
02/04/2014;10,75
03/04/2014;11
04/04/2014;11
05/04/2014;11
06/04/2014;11
07/04/2014;11
08/04/2014;11
09/04/2014;11
10/04/2014;11
11/04/2014;11
12/04/2014;11
13/04/2014;11
14/04/2014;11
15/04/2014;11
16/04/2014;11
17/04/2014;11
18/04/2014;11
19/04/2014;11
20/04/2014;11
21/04/2014;11
22/04/2014;11
23/04/2014;11
24/04/2014;11
25/04/2014;11
26/04/2014;11
27/04/2014;11
28/04/2014;11
29/04/2014;11
30/04/2014;11
01/05/2014;11
02/05/2014;11
03/05/2014;11
04/05/2014;11
05/05/2014;11
06/05/2014;11
07/05/2014;11
08/05/2014;11
09/05/2014;11
10/05/2014;11
11/05/2014;11
12/05/2014;11
13/05/2014;11
14/05/2014;11
15/05/2014;11
16/05/2014;11
17/05/2014;11
18/05/2014;11
19/05/2014;11
20/05/2014;11
21/05/2014;11
22/05/2014;11
23/05/2014;11
24/05/2014;11
25/05/2014;11
26/05/2014;11
27/05/2014;11
28/05/2014;11
29/05/2014;11
30/05/2014;11
31/05/2014;11
01/06/2014;11
02/06/2014;11
03/06/2014;11
04/06/2014;11
05/06/2014;11
06/06/2014;11
07/06/2014;11
08/06/2014;11
09/06/2014;11
10/06/2014;11
11/06/2014;11
12/06/2014;11
13/06/2014;11
14/06/2014;11
15/06/2014;11
16/06/2014;11
17/06/2014;11
18/06/2014;11
19/06/2014;11
20/06/2014;11
21/06/2014;11
22/06/2014;11
23/06/2014;11
24/06/2014;11
25/06/2014;11
26/06/2014;11
27/06/2014;11
28/06/2014;11
29/06/2014;11
30/06/2014;11
01/07/2014;11
02/07/2014;11
03/07/2014;11
04/07/2014;11
05/07/2014;11
06/07/2014;11
07/07/2014;11
08/07/2014;11
09/07/2014;11
10/07/2014;11
11/07/2014;11
12/07/2014;11
13/07/2014;11
14/07/2014;11
15/07/2014;11
16/07/2014;11
17/07/2014;11
18/07/2014;11
19/07/2014;11
20/07/2014;11
21/07/2014;11
22/07/2014;11
23/07/2014;11
24/07/2014;11
25/07/2014;11
26/07/2014;11
27/07/2014;11
28/07/2014;11
29/07/2014;11
30/07/2014;11
31/07/2014;11
01/08/2014;11
02/08/2014;11
03/08/2014;11
04/08/2014;11
05/08/2014;11
06/08/2014;11
07/08/2014;11
08/08/2014;11
09/08/2014;11
10/08/2014;11
11/08/2014;11
12/08/2014;11
13/08/2014;11
14/08/2014;11
15/08/2014;11
16/08/2014;11
17/08/2014;11
18/08/2014;11
19/08/2014;11
20/08/2014;11
21/08/2014;11
22/08/2014;11
23/08/2014;11
24/08/2014;11
25/08/2014;11
26/08/2014;11
27/08/2014;11
28/08/2014;11
29/08/2014;11
30/08/2014;11
31/08/2014;11
01/09/2014;11
02/09/2014;11
03/09/2014;11
04/09/2014;11
05/09/2014;11
06/09/2014;11
07/09/2014;11
08/09/2014;11
09/09/2014;11
10/09/2014;11
11/09/2014;11
12/09/2014;11
13/09/2014;11
14/09/2014;11
15/09/2014;11
16/09/2014;11
17/09/2014;11
18/09/2014;11
19/09/2014;11
20/09/2014;11
21/09/2014;11
22/09/2014;11
23/09/2014;11
24/09/2014;11
25/09/2014;11
26/09/2014;11
27/09/2014;11
28/09/2014;11
29/09/2014;11
30/09/2014;11
01/10/2014;11
02/10/2014;11
03/10/2014;11
04/10/2014;11
05/10/2014;11
06/10/2014;11
07/10/2014;11
08/10/2014;11
09/10/2014;11
10/10/2014;11
11/10/2014;11
12/10/2014;11
13/10/2014;11
14/10/2014;11
15/10/2014;11
16/10/2014;11
17/10/2014;11
18/10/2014;11
19/10/2014;11
20/10/2014;11
21/10/2014;11
22/10/2014;11
23/10/2014;11
24/10/2014;11
25/10/2014;11
26/10/2014;11
27/10/2014;11
28/10/2014;11
29/10/2014;11
30/10/2014;11,25
31/10/2014;11,25
01/11/2014;11,25
02/11/2014;11,25
03/11/2014;11,25
04/11/2014;11,25
05/11/2014;11,25
06/11/2014;11,25
07/11/2014;11,25
08/11/2014;11,25
09/11/2014;11,25
10/11/2014;11,25
11/11/2014;11,25
12/11/2014;11,25
13/11/2014;11,25
14/11/2014;11,25
15/11/2014;11,25
16/11/2014;11,25
17/11/2014;11,25
18/11/2014;11,25
19/11/2014;11,25
20/11/2014;11,25
21/11/2014;11,25
22/11/2014;11,25
23/11/2014;11,25
24/11/2014;11,25
25/11/2014;11,25
26/11/2014;11,25
27/11/2014;11,25
28/11/2014;11,25
29/11/2014;11,25
30/11/2014;11,25
01/12/2014;11,25
02/12/2014;11,25
03/12/2014;11,25
04/12/2014;11,75
05/12/2014;11,75
06/12/2014;11,75
07/12/2014;11,75
08/12/2014;11,75
09/12/2014;11,75
10/12/2014;11,75
11/12/2014;11,75
12/12/2014;11,75
13/12/2014;11,75
14/12/2014;11,75
15/12/2014;11,75
16/12/2014;11,75
17/12/2014;11,75
18/12/2014;11,75
19/12/2014;11,75
20/12/2014;11,75
21/12/2014;11,75
22/12/2014;11,75
23/12/2014;11,75
24/12/2014;11,75
25/12/2014;11,75
26/12/2014;11,75
27/12/2014;11,75
28/12/2014;11,75
29/12/2014;11,75
30/12/2014;11,75
31/12/2014;11,75
01/01/2015;11,75
02/01/2015;11,75
03/01/2015;11,75
04/01/2015;11,75
05/01/2015;11,75
06/01/2015;11,75
07/01/2015;11,75
08/01/2015;11,75
09/01/2015;11,75
10/01/2015;11,75
11/01/2015;11,75
12/01/2015;11,75
13/01/2015;11,75
14/01/2015;11,75
15/01/2015;11,75
16/01/2015;11,75
17/01/2015;11,75
18/01/2015;11,75
19/01/2015;11,75
20/01/2015;11,75
21/01/2015;11,75
22/01/2015;12,25
23/01/2015;12,25
24/01/2015;12,25
25/01/2015;12,25
26/01/2015;12,25
27/01/2015;12,25
28/01/2015;12,25
29/01/2015;12,25
30/01/2015;12,25
31/01/2015;12,25
01/02/2015;12,25
02/02/2015;12,25
03/02/2015;12,25
04/02/2015;12,25
05/02/2015;12,25
06/02/2015;12,25
07/02/2015;12,25
08/02/2015;12,25
09/02/2015;12,25
10/02/2015;12,25
11/02/2015;12,25
12/02/2015;12,25
13/02/2015;12,25
14/02/2015;12,25
15/02/2015;12,25
16/02/2015;12,25
17/02/2015;12,25
18/02/2015;12,25
19/02/2015;12,25
20/02/2015;12,25
21/02/2015;12,25
22/02/2015;12,25
23/02/2015;12,25
24/02/2015;12,25
25/02/2015;12,25
26/02/2015;12,25
27/02/2015;12,25
28/02/2015;12,25
01/03/2015;12,25
02/03/2015;12,25
03/03/2015;12,25
04/03/2015;12,25
05/03/2015;12,75
06/03/2015;12,75
07/03/2015;12,75
08/03/2015;12,75
09/03/2015;12,75
10/03/2015;12,75
11/03/2015;12,75
12/03/2015;12,75
13/03/2015;12,75
14/03/2015;12,75
15/03/2015;12,75
16/03/2015;12,75
17/03/2015;12,75
18/03/2015;12,75
19/03/2015;12,75
20/03/2015;12,75
21/03/2015;12,75
22/03/2015;12,75
23/03/2015;12,75
24/03/2015;12,75
25/03/2015;12,75
26/03/2015;12,75
27/03/2015;12,75
28/03/2015;12,75
29/03/2015;12,75
30/03/2015;12,75
31/03/2015;12,75
01/04/2015;12,75
02/04/2015;12,75
03/04/2015;12,75
04/04/2015;12,75
05/04/2015;12,75
06/04/2015;12,75
07/04/2015;12,75
08/04/2015;12,75
09/04/2015;12,75
10/04/2015;12,75
11/04/2015;12,75
12/04/2015;12,75
13/04/2015;12,75
14/04/2015;12,75
15/04/2015;12,75
16/04/2015;12,75
17/04/2015;12,75
18/04/2015;12,75
19/04/2015;12,75
20/04/2015;12,75
21/04/2015;12,75
22/04/2015;12,75
23/04/2015;12,75
24/04/2015;12,75
25/04/2015;12,75
26/04/2015;12,75
27/04/2015;12,75
28/04/2015;12,75
29/04/2015;12,75
30/04/2015;13,25
01/05/2015;13,25
02/05/2015;13,25
03/05/2015;13,25
04/05/2015;13,25
05/05/2015;13,25
06/05/2015;13,25
07/05/2015;13,25
08/05/2015;13,25
09/05/2015;13,25
10/05/2015;13,25
11/05/2015;13,25
12/05/2015;13,25
13/05/2015;13,25
14/05/2015;13,25
15/05/2015;13,25
16/05/2015;13,25
17/05/2015;13,25
18/05/2015;13,25
19/05/2015;13,25
20/05/2015;13,25
21/05/2015;13,25
22/05/2015;13,25
23/05/2015;13,25
24/05/2015;13,25
25/05/2015;13,25
26/05/2015;13,25
27/05/2015;13,25
28/05/2015;13,25
29/05/2015;13,25
30/05/2015;13,25
31/05/2015;13,25
01/06/2015;13,25
02/06/2015;13,25
03/06/2015;13,25
04/06/2015;13,75
05/06/2015;13,75
06/06/2015;13,75
07/06/2015;13,75
08/06/2015;13,75
09/06/2015;13,75
10/06/2015;13,75
11/06/2015;13,75
12/06/2015;13,75
13/06/2015;13,75
14/06/2015;13,75
15/06/2015;13,75
16/06/2015;13,75
17/06/2015;13,75
18/06/2015;13,75
19/06/2015;13,75
20/06/2015;13,75
21/06/2015;13,75
22/06/2015;13,75
23/06/2015;13,75
24/06/2015;13,75
25/06/2015;13,75
26/06/2015;13,75
27/06/2015;13,75
28/06/2015;13,75
29/06/2015;13,75
30/06/2015;13,75
01/07/2015;13,75
02/07/2015;13,75
03/07/2015;13,75
04/07/2015;13,75
05/07/2015;13,75
06/07/2015;13,75
07/07/2015;13,75
08/07/2015;13,75
09/07/2015;13,75
10/07/2015;13,75
11/07/2015;13,75
12/07/2015;13,75
13/07/2015;13,75
14/07/2015;13,75
15/07/2015;13,75
16/07/2015;13,75
17/07/2015;13,75
18/07/2015;13,75
19/07/2015;13,75
20/07/2015;13,75
21/07/2015;13,75
22/07/2015;13,75
23/07/2015;13,75
24/07/2015;13,75
25/07/2015;13,75
26/07/2015;13,75
27/07/2015;13,75
28/07/2015;13,75
29/07/2015;13,75
30/07/2015;14,25
31/07/2015;14,25
01/08/2015;14,25
02/08/2015;14,25
03/08/2015;14,25
04/08/2015;14,25
05/08/2015;14,25
06/08/2015;14,25
07/08/2015;14,25
08/08/2015;14,25
09/08/2015;14,25
10/08/2015;14,25
11/08/2015;14,25
12/08/2015;14,25
13/08/2015;14,25
14/08/2015;14,25
15/08/2015;14,25
16/08/2015;14,25
17/08/2015;14,25
18/08/2015;14,25
19/08/2015;14,25
20/08/2015;14,25
21/08/2015;14,25
22/08/2015;14,25
23/08/2015;14,25
24/08/2015;14,25
25/08/2015;14,25
26/08/2015;14,25
27/08/2015;14,25
28/08/2015;14,25
29/08/2015;14,25
30/08/2015;14,25
31/08/2015;14,25
01/09/2015;14,25
02/09/2015;14,25
03/09/2015;14,25
04/09/2015;14,25
05/09/2015;14,25
06/09/2015;14,25
07/09/2015;14,25
08/09/2015;14,25
09/09/2015;14,25
10/09/2015;14,25
11/09/2015;14,25
12/09/2015;14,25
13/09/2015;14,25
14/09/2015;14,25
15/09/2015;14,25
16/09/2015;14,25
17/09/2015;14,25
18/09/2015;14,25
19/09/2015;14,25
20/09/2015;14,25
21/09/2015;14,25
22/09/2015;14,25
23/09/2015;14,25
24/09/2015;14,25
25/09/2015;14,25
26/09/2015;14,25
27/09/2015;14,25
28/09/2015;14,25
29/09/2015;14,25
30/09/2015;14,25
01/10/2015;14,25
02/10/2015;14,25
03/10/2015;14,25
04/10/2015;14,25
05/10/2015;14,25
06/10/2015;14,25
07/10/2015;14,25
08/10/2015;14,25
09/10/2015;14,25
10/10/2015;14,25
11/10/2015;14,25
12/10/2015;14,25
13/10/2015;14,25
14/10/2015;14,25
15/10/2015;14,25
16/10/2015;14,25
17/10/2015;14,25
18/10/2015;14,25
19/10/2015;14,25
20/10/2015;14,25
21/10/2015;14,25
22/10/2015;14,25
23/10/2015;14,25
24/10/2015;14,25
25/10/2015;14,25
26/10/2015;14,25
27/10/2015;14,25
28/10/2015;14,25
29/10/2015;14,25
30/10/2015;14,25
31/10/2015;14,25
01/11/2015;14,25
02/11/2015;14,25
03/11/2015;14,25
04/11/2015;14,25
05/11/2015;14,25
06/11/2015;14,25
07/11/2015;14,25
08/11/2015;14,25
09/11/2015;14,25
10/11/2015;14,25
11/11/2015;14,25
12/11/2015;14,25
13/11/2015;14,25
14/11/2015;14,25
15/11/2015;14,25
16/11/2015;14,25
17/11/2015;14,25
18/11/2015;14,25
19/11/2015;14,25
20/11/2015;14,25
21/11/2015;14,25
22/11/2015;14,25
23/11/2015;14,25
24/11/2015;14,25
25/11/2015;14,25
26/11/2015;14,25
27/11/2015;14,25
28/11/2015;14,25
29/11/2015;14,25
30/11/2015;14,25
01/12/2015;14,25
02/12/2015;14,25
03/12/2015;14,25
04/12/2015;14,25
05/12/2015;14,25
06/12/2015;14,25
07/12/2015;14,25
08/12/2015;14,25
09/12/2015;14,25
10/12/2015;14,25
11/12/2015;14,25
12/12/2015;14,25
13/12/2015;14,25
14/12/2015;14,25
15/12/2015;14,25
16/12/2015;14,25
17/12/2015;14,25
18/12/2015;14,25
19/12/2015;14,25
20/12/2015;14,25
21/12/2015;14,25
22/12/2015;14,25
23/12/2015;14,25
24/12/2015;14,25
25/12/2015;14,25
26/12/2015;14,25
27/12/2015;14,25
28/12/2015;14,25
29/12/2015;14,25
30/12/2015;14,25
31/12/2015;14,25
01/01/2016;14,25
02/01/2016;14,25
03/01/2016;14,25
04/01/2016;14,25
05/01/2016;14,25
06/01/2016;14,25
07/01/2016;14,25
08/01/2016;14,25
09/01/2016;14,25
10/01/2016;14,25
11/01/2016;14,25
12/01/2016;14,25
13/01/2016;14,25
14/01/2016;14,25
15/01/2016;14,25
16/01/2016;14,25
17/01/2016;14,25
18/01/2016;14,25
19/01/2016;14,25
20/01/2016;14,25
21/01/2016;14,25
22/01/2016;14,25
23/01/2016;14,25
24/01/2016;14,25
25/01/2016;14,25
26/01/2016;14,25
27/01/2016;14,25
28/01/2016;14,25
29/01/2016;14,25
30/01/2016;14,25
31/01/2016;14,25
01/02/2016;14,25
02/02/2016;14,25
03/02/2016;14,25
04/02/2016;14,25
05/02/2016;14,25
06/02/2016;14,25
07/02/2016;14,25
08/02/2016;14,25
09/02/2016;14,25
10/02/2016;14,25
11/02/2016;14,25
12/02/2016;14,25
13/02/2016;14,25
14/02/2016;14,25
15/02/2016;14,25
16/02/2016;14,25
17/02/2016;14,25
18/02/2016;14,25
19/02/2016;14,25
20/02/2016;14,25
21/02/2016;14,25
22/02/2016;14,25
23/02/2016;14,25
24/02/2016;14,25
25/02/2016;14,25
26/02/2016;14,25
27/02/2016;14,25
28/02/2016;14,25
29/02/2016;14,25
01/03/2016;14,25
02/03/2016;14,25
03/03/2016;14,25
04/03/2016;14,25
05/03/2016;14,25
06/03/2016;14,25
07/03/2016;14,25
08/03/2016;14,25
09/03/2016;14,25
10/03/2016;14,25
11/03/2016;14,25
12/03/2016;14,25
13/03/2016;14,25
14/03/2016;14,25
15/03/2016;14,25
16/03/2016;14,25
17/03/2016;14,25
18/03/2016;14,25
19/03/2016;14,25
20/03/2016;14,25
21/03/2016;14,25
22/03/2016;14,25
23/03/2016;14,25
24/03/2016;14,25
25/03/2016;14,25
26/03/2016;14,25
27/03/2016;14,25
28/03/2016;14,25
29/03/2016;14,25
30/03/2016;14,25
31/03/2016;14,25
01/04/2016;14,25
02/04/2016;14,25
03/04/2016;14,25
04/04/2016;14,25
05/04/2016;14,25
06/04/2016;14,25
07/04/2016;14,25
08/04/2016;14,25
09/04/2016;14,25
10/04/2016;14,25
11/04/2016;14,25
12/04/2016;14,25
13/04/2016;14,25
14/04/2016;14,25
15/04/2016;14,25
16/04/2016;14,25
17/04/2016;14,25
18/04/2016;14,25
19/04/2016;14,25
20/04/2016;14,25
21/04/2016;14,25
22/04/2016;14,25
23/04/2016;14,25
24/04/2016;14,25
25/04/2016;14,25
26/04/2016;14,25
27/04/2016;14,25
28/04/2016;14,25
29/04/2016;14,25
30/04/2016;14,25
01/05/2016;14,25
02/05/2016;14,25
03/05/2016;14,25
04/05/2016;14,25
05/05/2016;14,25
06/05/2016;14,25
07/05/2016;14,25
08/05/2016;14,25
09/05/2016;14,25
10/05/2016;14,25
11/05/2016;14,25
12/05/2016;14,25
13/05/2016;14,25
14/05/2016;14,25
15/05/2016;14,25
16/05/2016;14,25
17/05/2016;14,25
18/05/2016;14,25
19/05/2016;14,25
20/05/2016;14,25
21/05/2016;14,25
22/05/2016;14,25
23/05/2016;14,25
24/05/2016;14,25
25/05/2016;14,25
26/05/2016;14,25
27/05/2016;14,25
28/05/2016;14,25
29/05/2016;14,25
30/05/2016;14,25
31/05/2016;14,25
01/06/2016;14,25
02/06/2016;14,25
03/06/2016;14,25
04/06/2016;14,25
05/06/2016;14,25
06/06/2016;14,25
07/06/2016;14,25
08/06/2016;14,25
09/06/2016;14,25
10/06/2016;14,25
11/06/2016;14,25
12/06/2016;14,25
13/06/2016;14,25
14/06/2016;14,25
15/06/2016;14,25
16/06/2016;14,25
17/06/2016;14,25
18/06/2016;14,25
19/06/2016;14,25
20/06/2016;14,25
21/06/2016;14,25
22/06/2016;14,25
23/06/2016;14,25
24/06/2016;14,25
25/06/2016;14,25
26/06/2016;14,25
27/06/2016;14,25
28/06/2016;14,25
29/06/2016;14,25
30/06/2016;14,25
01/07/2016;14,25
02/07/2016;14,25
03/07/2016;14,25
04/07/2016;14,25
05/07/2016;14,25
06/07/2016;14,25
07/07/2016;14,25
08/07/2016;14,25
09/07/2016;14,25
10/07/2016;14,25
11/07/2016;14,25
12/07/2016;14,25
13/07/2016;14,25
14/07/2016;14,25
15/07/2016;14,25
16/07/2016;14,25
17/07/2016;14,25
18/07/2016;14,25
19/07/2016;14,25
20/07/2016;14,25
21/07/2016;14,25
22/07/2016;14,25
23/07/2016;14,25
24/07/2016;14,25
25/07/2016;14,25
26/07/2016;14,25
27/07/2016;14,25
28/07/2016;14,25
29/07/2016;14,25
30/07/2016;14,25
31/07/2016;14,25
01/08/2016;14,25
02/08/2016;14,25
03/08/2016;14,25
04/08/2016;14,25
05/08/2016;14,25
06/08/2016;14,25
07/08/2016;14,25
08/08/2016;14,25
09/08/2016;14,25
10/08/2016;14,25
11/08/2016;14,25
12/08/2016;14,25
13/08/2016;14,25
14/08/2016;14,25
15/08/2016;14,25
16/08/2016;14,25
17/08/2016;14,25
18/08/2016;14,25
19/08/2016;14,25
20/08/2016;14,25
21/08/2016;14,25
22/08/2016;14,25
23/08/2016;14,25
24/08/2016;14,25
25/08/2016;14,25
26/08/2016;14,25
27/08/2016;14,25
28/08/2016;14,25
29/08/2016;14,25
30/08/2016;14,25
31/08/2016;14,25
01/09/2016;14,25
02/09/2016;14,25
03/09/2016;14,25
04/09/2016;14,25
05/09/2016;14,25
06/09/2016;14,25
07/09/2016;14,25
08/09/2016;14,25
09/09/2016;14,25
10/09/2016;14,25
11/09/2016;14,25
12/09/2016;14,25
13/09/2016;14,25
14/09/2016;14,25
15/09/2016;14,25
16/09/2016;14,25
17/09/2016;14,25
18/09/2016;14,25
19/09/2016;14,25
20/09/2016;14,25
21/09/2016;14,25
22/09/2016;14,25
23/09/2016;14,25
24/09/2016;14,25
25/09/2016;14,25
26/09/2016;14,25
27/09/2016;14,25
28/09/2016;14,25
29/09/2016;14,25
30/09/2016;14,25
01/10/2016;14,25
02/10/2016;14,25
03/10/2016;14,25
04/10/2016;14,25
05/10/2016;14,25
06/10/2016;14,25
07/10/2016;14,25
08/10/2016;14,25
09/10/2016;14,25
10/10/2016;14,25
11/10/2016;14,25
12/10/2016;14,25
13/10/2016;14,25
14/10/2016;14,25
15/10/2016;14,25
16/10/2016;14,25
17/10/2016;14,25
18/10/2016;14,25
19/10/2016;14,25
20/10/2016;14
21/10/2016;14
22/10/2016;14
23/10/2016;14
24/10/2016;14
25/10/2016;14
26/10/2016;14
27/10/2016;14
28/10/2016;14
29/10/2016;14
30/10/2016;14
31/10/2016;14
01/11/2016;14
02/11/2016;14
03/11/2016;14
04/11/2016;14
05/11/2016;14
06/11/2016;14
07/11/2016;14
08/11/2016;14
09/11/2016;14
10/11/2016;14
11/11/2016;14
12/11/2016;14
13/11/2016;14
14/11/2016;14
15/11/2016;14
16/11/2016;14
17/11/2016;14
18/11/2016;14
19/11/2016;14
20/11/2016;14
21/11/2016;14
22/11/2016;14
23/11/2016;14
24/11/2016;14
25/11/2016;14
26/11/2016;14
27/11/2016;14
28/11/2016;14
29/11/2016;14
30/11/2016;14
01/12/2016;13,75
02/12/2016;13,75
03/12/2016;13,75
04/12/2016;13,75
05/12/2016;13,75
06/12/2016;13,75
07/12/2016;13,75
08/12/2016;13,75
09/12/2016;13,75
10/12/2016;13,75
11/12/2016;13,75
12/12/2016;13,75
13/12/2016;13,75
14/12/2016;13,75
15/12/2016;13,75
16/12/2016;13,75
17/12/2016;13,75
18/12/2016;13,75
19/12/2016;13,75
20/12/2016;13,75
21/12/2016;13,75
22/12/2016;13,75
23/12/2016;13,75
24/12/2016;13,75
25/12/2016;13,75
26/12/2016;13,75
27/12/2016;13,75
28/12/2016;13,75
29/12/2016;13,75
30/12/2016;13,75
31/12/2016;13,75
01/01/2017;13,75
02/01/2017;13,75
03/01/2017;13,75
04/01/2017;13,75
05/01/2017;13,75
06/01/2017;13,75
07/01/2017;13,75
08/01/2017;13,75
09/01/2017;13,75
10/01/2017;13,75
11/01/2017;13,75
12/01/2017;13
13/01/2017;13
14/01/2017;13
15/01/2017;13
16/01/2017;13
17/01/2017;13
18/01/2017;13
19/01/2017;13
20/01/2017;13
21/01/2017;13
22/01/2017;13
23/01/2017;13
24/01/2017;13
25/01/2017;13
26/01/2017;13
27/01/2017;13
28/01/2017;13
29/01/2017;13
30/01/2017;13
31/01/2017;13
01/02/2017;13
02/02/2017;13
03/02/2017;13
04/02/2017;13
05/02/2017;13
06/02/2017;13
07/02/2017;13
08/02/2017;13
09/02/2017;13
10/02/2017;13
11/02/2017;13
12/02/2017;13
13/02/2017;13
14/02/2017;13
15/02/2017;13
16/02/2017;13
17/02/2017;13
18/02/2017;13
19/02/2017;13
20/02/2017;13
21/02/2017;13
22/02/2017;13
23/02/2017;12,25
24/02/2017;12,25
25/02/2017;12,25
26/02/2017;12,25
27/02/2017;12,25
28/02/2017;12,25
01/03/2017;12,25
02/03/2017;12,25
03/03/2017;12,25
04/03/2017;12,25
05/03/2017;12,25
06/03/2017;12,25
07/03/2017;12,25
08/03/2017;12,25
09/03/2017;12,25
10/03/2017;12,25
11/03/2017;12,25
12/03/2017;12,25
13/03/2017;12,25
14/03/2017;12,25
15/03/2017;12,25
16/03/2017;12,25
17/03/2017;12,25
18/03/2017;12,25
19/03/2017;12,25
20/03/2017;12,25
21/03/2017;12,25
22/03/2017;12,25
23/03/2017;12,25
24/03/2017;12,25
25/03/2017;12,25
26/03/2017;12,25
27/03/2017;12,25
28/03/2017;12,25
29/03/2017;12,25
30/03/2017;12,25
31/03/2017;12,25
01/04/2017;12,25
02/04/2017;12,25
03/04/2017;12,25
04/04/2017;12,25
05/04/2017;12,25
06/04/2017;12,25
07/04/2017;12,25
08/04/2017;12,25
09/04/2017;12,25
10/04/2017;12,25
11/04/2017;12,25
12/04/2017;12,25
13/04/2017;11,25
14/04/2017;11,25
15/04/2017;11,25
16/04/2017;11,25
17/04/2017;11,25
18/04/2017;11,25
19/04/2017;11,25
20/04/2017;11,25
21/04/2017;11,25
22/04/2017;11,25
23/04/2017;11,25
24/04/2017;11,25
25/04/2017;11,25
26/04/2017;11,25
27/04/2017;11,25
28/04/2017;11,25
29/04/2017;11,25
30/04/2017;11,25
01/05/2017;11,25
02/05/2017;11,25
03/05/2017;11,25
04/05/2017;11,25
05/05/2017;11,25
06/05/2017;11,25
07/05/2017;11,25
08/05/2017;11,25
09/05/2017;11,25
10/05/2017;11,25
11/05/2017;11,25
12/05/2017;11,25
13/05/2017;11,25
14/05/2017;11,25
15/05/2017;11,25
16/05/2017;11,25
17/05/2017;11,25
18/05/2017;11,25
19/05/2017;11,25
20/05/2017;11,25
21/05/2017;11,25
22/05/2017;11,25
23/05/2017;11,25
24/05/2017;11,25
25/05/2017;11,25
26/05/2017;11,25
27/05/2017;11,25
28/05/2017;11,25
29/05/2017;11,25
30/05/2017;11,25
31/05/2017;11,25
01/06/2017;10,25
02/06/2017;10,25
03/06/2017;10,25
04/06/2017;10,25
05/06/2017;10,25
06/06/2017;10,25
07/06/2017;10,25
08/06/2017;10,25
09/06/2017;10,25
10/06/2017;10,25
11/06/2017;10,25
12/06/2017;10,25
13/06/2017;10,25
14/06/2017;10,25
15/06/2017;10,25
16/06/2017;10,25
17/06/2017;10,25
18/06/2017;10,25
19/06/2017;10,25
20/06/2017;10,25
21/06/2017;10,25
22/06/2017;10,25
23/06/2017;10,25
24/06/2017;10,25
25/06/2017;10,25
26/06/2017;10,25
27/06/2017;10,25
28/06/2017;10,25
29/06/2017;10,25
30/06/2017;10,25
01/07/2017;10,25
02/07/2017;10,25
03/07/2017;10,25
04/07/2017;10,25
05/07/2017;10,25
06/07/2017;10,25
07/07/2017;10,25
08/07/2017;10,25
09/07/2017;10,25
10/07/2017;10,25
11/07/2017;10,25
12/07/2017;10,25
13/07/2017;10,25
14/07/2017;10,25
15/07/2017;10,25
16/07/2017;10,25
17/07/2017;10,25
18/07/2017;10,25
19/07/2017;10,25
20/07/2017;10,25
21/07/2017;10,25
22/07/2017;10,25
23/07/2017;10,25
24/07/2017;10,25
25/07/2017;10,25
26/07/2017;10,25
27/07/2017;9,25
28/07/2017;9,25
29/07/2017;9,25
30/07/2017;9,25
31/07/2017;9,25
01/08/2017;9,25
02/08/2017;9,25
03/08/2017;9,25
04/08/2017;9,25
05/08/2017;9,25
06/08/2017;9,25
07/08/2017;9,25
08/08/2017;9,25
09/08/2017;9,25
10/08/2017;9,25
11/08/2017;9,25
12/08/2017;9,25
13/08/2017;9,25
14/08/2017;9,25
15/08/2017;9,25
16/08/2017;9,25
17/08/2017;9,25
18/08/2017;9,25
19/08/2017;9,25
20/08/2017;9,25
21/08/2017;9,25
22/08/2017;9,25
23/08/2017;9,25
24/08/2017;9,25
25/08/2017;9,25
26/08/2017;9,25
27/08/2017;9,25
28/08/2017;9,25
29/08/2017;9,25
30/08/2017;9,25
31/08/2017;9,25
01/09/2017;9,25
02/09/2017;9,25
03/09/2017;9,25
04/09/2017;9,25
05/09/2017;9,25
06/09/2017;9,25
07/09/2017;9,25
08/09/2017;8,25
09/09/2017;8,25
10/09/2017;8,25
11/09/2017;8,25
12/09/2017;8,25
13/09/2017;8,25
14/09/2017;8,25
15/09/2017;8,25
16/09/2017;8,25
17/09/2017;8,25
18/09/2017;8,25
19/09/2017;8,25
20/09/2017;8,25
21/09/2017;8,25
22/09/2017;8,25
23/09/2017;8,25
24/09/2017;8,25
25/09/2017;8,25
26/09/2017;8,25
27/09/2017;8,25
28/09/2017;8,25
29/09/2017;8,25
30/09/2017;8,25
01/10/2017;8,25
02/10/2017;8,25
03/10/2017;8,25
04/10/2017;8,25
05/10/2017;8,25
06/10/2017;8,25
07/10/2017;8,25
08/10/2017;8,25
09/10/2017;8,25
10/10/2017;8,25
11/10/2017;8,25
12/10/2017;8,25
13/10/2017;8,25
14/10/2017;8,25
15/10/2017;8,25
16/10/2017;8,25
17/10/2017;8,25
18/10/2017;8,25
19/10/2017;8,25
20/10/2017;8,25
21/10/2017;8,25
22/10/2017;8,25
23/10/2017;8,25
24/10/2017;8,25
25/10/2017;8,25
26/10/2017;7,5
27/10/2017;7,5
28/10/2017;7,5
29/10/2017;7,5
30/10/2017;7,5
31/10/2017;7,5
01/11/2017;7,5
02/11/2017;7,5
03/11/2017;7,5
04/11/2017;7,5
05/11/2017;7,5
06/11/2017;7,5
07/11/2017;7,5
08/11/2017;7,5
09/11/2017;7,5
10/11/2017;7,5
11/11/2017;7,5
12/11/2017;7,5
13/11/2017;7,5
14/11/2017;7,5
15/11/2017;7,5
16/11/2017;7,5
17/11/2017;7,5
18/11/2017;7,5
19/11/2017;7,5
20/11/2017;7,5
21/11/2017;7,5
22/11/2017;7,5
23/11/2017;7,5
24/11/2017;7,5
25/11/2017;7,5
26/11/2017;7,5
27/11/2017;7,5
28/11/2017;7,5
29/11/2017;7,5
30/11/2017;7,5
01/12/2017;7,5
02/12/2017;7,5
03/12/2017;7,5
04/12/2017;7,5
05/12/2017;7,5
06/12/2017;7,5
07/12/2017;7
08/12/2017;7
09/12/2017;7
10/12/2017;7
11/12/2017;7
12/12/2017;7
13/12/2017;7
14/12/2017;7
15/12/2017;7
16/12/2017;7
17/12/2017;7
18/12/2017;7
19/12/2017;7
20/12/2017;7
21/12/2017;7
22/12/2017;7
23/12/2017;7
24/12/2017;7
25/12/2017;7
26/12/2017;7
27/12/2017;7
28/12/2017;7
29/12/2017;7
30/12/2017;7
31/12/2017;7
01/01/2018;7
02/01/2018;7
03/01/2018;7
04/01/2018;7
05/01/2018;7
06/01/2018;7
07/01/2018;7
08/01/2018;7
09/01/2018;7
10/01/2018;7
11/01/2018;7
12/01/2018;7
13/01/2018;7
14/01/2018;7
15/01/2018;7
16/01/2018;7
17/01/2018;7
18/01/2018;7
19/01/2018;7
20/01/2018;7
21/01/2018;7
22/01/2018;7
23/01/2018;7
24/01/2018;7
25/01/2018;7
26/01/2018;7
27/01/2018;7
28/01/2018;7
29/01/2018;7
30/01/2018;7
31/01/2018;7
01/02/2018;7
02/02/2018;7
03/02/2018;7
04/02/2018;7
05/02/2018;7
06/02/2018;7
07/02/2018;7
08/02/2018;6,75
09/02/2018;6,75
10/02/2018;6,75
11/02/2018;6,75
12/02/2018;6,75
13/02/2018;6,75
14/02/2018;6,75
15/02/2018;6,75
16/02/2018;6,75
17/02/2018;6,75
18/02/2018;6,75
19/02/2018;6,75
20/02/2018;6,75
21/02/2018;6,75
22/02/2018;6,75
23/02/2018;6,75
24/02/2018;6,75
25/02/2018;6,75
26/02/2018;6,75
27/02/2018;6,75
28/02/2018;6,75
01/03/2018;6,75
02/03/2018;6,75
03/03/2018;6,75
04/03/2018;6,75
05/03/2018;6,75
06/03/2018;6,75
07/03/2018;6,75
08/03/2018;6,75
09/03/2018;6,75
10/03/2018;6,75
11/03/2018;6,75
12/03/2018;6,75
13/03/2018;6,75
14/03/2018;6,75
15/03/2018;6,75
16/03/2018;6,75
17/03/2018;6,75
18/03/2018;6,75
19/03/2018;6,75
20/03/2018;6,75
21/03/2018;6,75
22/03/2018;6,5
23/03/2018;6,5
24/03/2018;6,5
25/03/2018;6,5
26/03/2018;6,5
27/03/2018;6,5
28/03/2018;6,5
29/03/2018;6,5
30/03/2018;6,5
31/03/2018;6,5
01/04/2018;6,5
02/04/2018;6,5
03/04/2018;6,5
04/04/2018;6,5
05/04/2018;6,5
06/04/2018;6,5
07/04/2018;6,5
08/04/2018;6,5
09/04/2018;6,5
10/04/2018;6,5
11/04/2018;6,5
12/04/2018;6,5
13/04/2018;6,5
14/04/2018;6,5
15/04/2018;6,5
16/04/2018;6,5
17/04/2018;6,5
18/04/2018;6,5
19/04/2018;6,5
20/04/2018;6,5
21/04/2018;6,5
22/04/2018;6,5
23/04/2018;6,5
24/04/2018;6,5
25/04/2018;6,5
26/04/2018;6,5
27/04/2018;6,5
28/04/2018;6,5
29/04/2018;6,5
30/04/2018;6,5
01/05/2018;6,5
02/05/2018;6,5
03/05/2018;6,5
04/05/2018;6,5
05/05/2018;6,5
06/05/2018;6,5
07/05/2018;6,5
08/05/2018;6,5
09/05/2018;6,5
10/05/2018;6,5
11/05/2018;6,5
12/05/2018;6,5
13/05/2018;6,5
14/05/2018;6,5
15/05/2018;6,5
16/05/2018;6,5
17/05/2018;6,5
18/05/2018;6,5
19/05/2018;6,5
20/05/2018;6,5
21/05/2018;6,5
22/05/2018;6,5
23/05/2018;6,5
24/05/2018;6,5
25/05/2018;6,5
26/05/2018;6,5
27/05/2018;6,5
28/05/2018;6,5
29/05/2018;6,5
30/05/2018;6,5
31/05/2018;6,5
01/06/2018;6,5
02/06/2018;6,5
03/06/2018;6,5
04/06/2018;6,5
05/06/2018;6,5
06/06/2018;6,5
07/06/2018;6,5
08/06/2018;6,5
09/06/2018;6,5
10/06/2018;6,5
11/06/2018;6,5
12/06/2018;6,5
13/06/2018;6,5
14/06/2018;6,5
15/06/2018;6,5
16/06/2018;6,5
17/06/2018;6,5
18/06/2018;6,5
19/06/2018;6,5
20/06/2018;6,5
21/06/2018;6,5
22/06/2018;6,5
23/06/2018;6,5
24/06/2018;6,5
25/06/2018;6,5
26/06/2018;6,5
27/06/2018;6,5
28/06/2018;6,5
29/06/2018;6,5
30/06/2018;6,5
01/07/2018;6,5
02/07/2018;6,5
03/07/2018;6,5
04/07/2018;6,5
05/07/2018;6,5
06/07/2018;6,5
07/07/2018;6,5
08/07/2018;6,5
09/07/2018;6,5
10/07/2018;6,5
11/07/2018;6,5
12/07/2018;6,5
13/07/2018;6,5
14/07/2018;6,5
15/07/2018;6,5
16/07/2018;6,5
17/07/2018;6,5
18/07/2018;6,5
19/07/2018;6,5
20/07/2018;6,5
21/07/2018;6,5
22/07/2018;6,5
23/07/2018;6,5
24/07/2018;6,5
25/07/2018;6,5
26/07/2018;6,5
27/07/2018;6,5
28/07/2018;6,5
29/07/2018;6,5
30/07/2018;6,5
31/07/2018;6,5
01/08/2018;6,5
02/08/2018;6,5
03/08/2018;6,5
04/08/2018;6,5
05/08/2018;6,5
06/08/2018;6,5
07/08/2018;6,5
08/08/2018;6,5
09/08/2018;6,5
10/08/2018;6,5
11/08/2018;6,5
12/08/2018;6,5
13/08/2018;6,5
14/08/2018;6,5
15/08/2018;6,5
16/08/2018;6,5
17/08/2018;6,5
18/08/2018;6,5
19/08/2018;6,5
20/08/2018;6,5
21/08/2018;6,5
22/08/2018;6,5
23/08/2018;6,5
24/08/2018;6,5
25/08/2018;6,5
26/08/2018;6,5
27/08/2018;6,5
28/08/2018;6,5
29/08/2018;6,5
30/08/2018;6,5
31/08/2018;6,5
01/09/2018;6,5
02/09/2018;6,5
03/09/2018;6,5
04/09/2018;6,5
05/09/2018;6,5
06/09/2018;6,5
07/09/2018;6,5
08/09/2018;6,5
09/09/2018;6,5
10/09/2018;6,5
11/09/2018;6,5
12/09/2018;6,5
13/09/2018;6,5
14/09/2018;6,5
15/09/2018;6,5
16/09/2018;6,5
17/09/2018;6,5
18/09/2018;6,5
19/09/2018;6,5
20/09/2018;6,5
21/09/2018;6,5
22/09/2018;6,5
23/09/2018;6,5
24/09/2018;6,5
25/09/2018;6,5
26/09/2018;6,5
27/09/2018;6,5
28/09/2018;6,5
29/09/2018;6,5
30/09/2018;6,5
01/10/2018;6,5
02/10/2018;6,5
03/10/2018;6,5
04/10/2018;6,5
05/10/2018;6,5
06/10/2018;6,5
07/10/2018;6,5
08/10/2018;6,5
09/10/2018;6,5
10/10/2018;6,5
11/10/2018;6,5
12/10/2018;6,5
13/10/2018;6,5
14/10/2018;6,5
15/10/2018;6,5
16/10/2018;6,5
17/10/2018;6,5
18/10/2018;6,5
19/10/2018;6,5
20/10/2018;6,5
21/10/2018;6,5
22/10/2018;6,5
23/10/2018;6,5
24/10/2018;6,5
25/10/2018;6,5
26/10/2018;6,5
27/10/2018;6,5
28/10/2018;6,5
29/10/2018;6,5
30/10/2018;6,5
31/10/2018;6,5
01/11/2018;6,5
02/11/2018;6,5
03/11/2018;6,5
04/11/2018;6,5
05/11/2018;6,5
06/11/2018;6,5
07/11/2018;6,5
08/11/2018;6,5
09/11/2018;6,5
10/11/2018;6,5
11/11/2018;6,5
12/11/2018;6,5
13/11/2018;6,5
14/11/2018;6,5
15/11/2018;6,5
16/11/2018;6,5
17/11/2018;6,5
18/11/2018;6,5
19/11/2018;6,5
20/11/2018;6,5
21/11/2018;6,5
22/11/2018;6,5
23/11/2018;6,5
24/11/2018;6,5
25/11/2018;6,5
26/11/2018;6,5
27/11/2018;6,5
28/11/2018;6,5
29/11/2018;6,5
30/11/2018;6,5
01/12/2018;6,5
02/12/2018;6,5
03/12/2018;6,5
04/12/2018;6,5
05/12/2018;6,5
06/12/2018;6,5
07/12/2018;6,5
08/12/2018;6,5
09/12/2018;6,5
10/12/2018;6,5
11/12/2018;6,5
12/12/2018;6,5
13/12/2018;6,5
14/12/2018;6,5
15/12/2018;6,5
16/12/2018;6,5
17/12/2018;6,5
18/12/2018;6,5
19/12/2018;6,5
20/12/2018;6,5
21/12/2018;6,5
22/12/2018;6,5
23/12/2018;6,5
24/12/2018;6,5
25/12/2018;6,5
26/12/2018;6,5
27/12/2018;6,5
28/12/2018;6,5
29/12/2018;6,5
30/12/2018;6,5
31/12/2018;6,5
01/01/2019;6,5
02/01/2019;6,5
03/01/2019;6,5
04/01/2019;6,5
05/01/2019;6,5
06/01/2019;6,5
07/01/2019;6,5
08/01/2019;6,5
09/01/2019;6,5
10/01/2019;6,5
11/01/2019;6,5
12/01/2019;6,5
13/01/2019;6,5
14/01/2019;6,5
15/01/2019;6,5
16/01/2019;6,5
17/01/2019;6,5
18/01/2019;6,5
19/01/2019;6,5
20/01/2019;6,5
21/01/2019;6,5
22/01/2019;6,5
23/01/2019;6,5
24/01/2019;6,5
25/01/2019;6,5
26/01/2019;6,5
27/01/2019;6,5
28/01/2019;6,5
29/01/2019;6,5
30/01/2019;6,5
31/01/2019;6,5
01/02/2019;6,5
02/02/2019;6,5
03/02/2019;6,5
04/02/2019;6,5
05/02/2019;6,5
06/02/2019;6,5
07/02/2019;6,5
08/02/2019;6,5
09/02/2019;6,5
10/02/2019;6,5
11/02/2019;6,5
12/02/2019;6,5
13/02/2019;6,5
14/02/2019;6,5
15/02/2019;6,5
16/02/2019;6,5
17/02/2019;6,5
18/02/2019;6,5
19/02/2019;6,5
20/02/2019;6,5
21/02/2019;6,5
22/02/2019;6,5
23/02/2019;6,5
24/02/2019;6,5
25/02/2019;6,5
26/02/2019;6,5
27/02/2019;6,5
28/02/2019;6,5
01/03/2019;6,5
02/03/2019;6,5
03/03/2019;6,5
04/03/2019;6,5
05/03/2019;6,5
06/03/2019;6,5
07/03/2019;6,5
08/03/2019;6,5
09/03/2019;6,5
10/03/2019;6,5
11/03/2019;6,5
12/03/2019;6,5
13/03/2019;6,5
14/03/2019;6,5
15/03/2019;6,5
16/03/2019;6,5
17/03/2019;6,5
18/03/2019;6,5
19/03/2019;6,5
20/03/2019;6,5
21/03/2019;6,5
22/03/2019;6,5
23/03/2019;6,5
24/03/2019;6,5
25/03/2019;6,5
26/03/2019;6,5
27/03/2019;6,5
28/03/2019;6,5
29/03/2019;6,5
30/03/2019;6,5
31/03/2019;6,5
01/04/2019;6,5
02/04/2019;6,5
03/04/2019;6,5
04/04/2019;6,5
05/04/2019;6,5
06/04/2019;6,5
07/04/2019;6,5
08/04/2019;6,5
09/04/2019;6,5
10/04/2019;6,5
11/04/2019;6,5
12/04/2019;6,5
13/04/2019;6,5
14/04/2019;6,5
15/04/2019;6,5
16/04/2019;6,5
17/04/2019;6,5
18/04/2019;6,5
19/04/2019;6,5
20/04/2019;6,5
21/04/2019;6,5
22/04/2019;6,5
23/04/2019;6,5
24/04/2019;6,5
25/04/2019;6,5
26/04/2019;6,5
27/04/2019;6,5
28/04/2019;6,5
29/04/2019;6,5
30/04/2019;6,5
01/05/2019;6,5
02/05/2019;6,5
03/05/2019;6,5
04/05/2019;6,5
05/05/2019;6,5
06/05/2019;6,5
07/05/2019;6,5
08/05/2019;6,5
09/05/2019;6,5
10/05/2019;6,5
11/05/2019;6,5
12/05/2019;6,5
13/05/2019;6,5
14/05/2019;6,5
15/05/2019;6,5
16/05/2019;6,5
17/05/2019;6,5
18/05/2019;6,5
19/05/2019;6,5
20/05/2019;6,5
21/05/2019;6,5
22/05/2019;6,5
23/05/2019;6,5
24/05/2019;6,5
25/05/2019;6,5
26/05/2019;6,5
27/05/2019;6,5
28/05/2019;6,5
29/05/2019;6,5
30/05/2019;6,5
31/05/2019;6,5
01/06/2019;6,5
02/06/2019;6,5
03/06/2019;6,5
04/06/2019;6,5
05/06/2019;6,5
06/06/2019;6,5
07/06/2019;6,5
08/06/2019;6,5
09/06/2019;6,5
10/06/2019;6,5
11/06/2019;6,5
12/06/2019;6,5
13/06/2019;6,5
14/06/2019;6,5
15/06/2019;6,5
16/06/2019;6,5
17/06/2019;6,5
18/06/2019;6,5
19/06/2019;6,5
20/06/2019;6,5
21/06/2019;6,5
22/06/2019;6,5
23/06/2019;6,5
24/06/2019;6,5
25/06/2019;6,5
26/06/2019;6,5
27/06/2019;6,5
28/06/2019;6,5
29/06/2019;6,5
30/06/2019;6,5
01/07/2019;6,5
02/07/2019;6,5
03/07/2019;6,5
04/07/2019;6,5
05/07/2019;6,5
06/07/2019;6,5
07/07/2019;6,5
08/07/2019;6,5
09/07/2019;6,5
10/07/2019;6,5
11/07/2019;6,5
12/07/2019;6,5
13/07/2019;6,5
14/07/2019;6,5
15/07/2019;6,5
16/07/2019;6,5
17/07/2019;6,5
18/07/2019;6,5
19/07/2019;6,5
20/07/2019;6,5
21/07/2019;6,5
22/07/2019;6,5
23/07/2019;6,5
24/07/2019;6,5
25/07/2019;6,5
26/07/2019;6,5
27/07/2019;6,5
28/07/2019;6,5
29/07/2019;6,5
30/07/2019;6,5
31/07/2019;6,5
01/08/2019;6
02/08/2019;6
03/08/2019;6
04/08/2019;6
05/08/2019;6
06/08/2019;6
07/08/2019;6
08/08/2019;6
09/08/2019;6
10/08/2019;6
11/08/2019;6
12/08/2019;6
13/08/2019;6
14/08/2019;6
15/08/2019;6
16/08/2019;6
17/08/2019;6
18/08/2019;6
19/08/2019;6
20/08/2019;6
21/08/2019;6
22/08/2019;6
23/08/2019;6
24/08/2019;6
25/08/2019;6
26/08/2019;6
27/08/2019;6
28/08/2019;6
29/08/2019;6
30/08/2019;6
31/08/2019;6
01/09/2019;6
02/09/2019;6
03/09/2019;6
04/09/2019;6
05/09/2019;6
06/09/2019;6
07/09/2019;6
08/09/2019;6
09/09/2019;6
10/09/2019;6
11/09/2019;6
12/09/2019;6
13/09/2019;6
14/09/2019;6
15/09/2019;6
16/09/2019;6
17/09/2019;6
18/09/2019;6
19/09/2019;5,5
20/09/2019;5,5
21/09/2019;5,5
22/09/2019;5,5
23/09/2019;5,5
24/09/2019;5,5
25/09/2019;5,5
26/09/2019;5,5
27/09/2019;5,5
28/09/2019;5,5
29/09/2019;5,5
30/09/2019;5,5
01/10/2019;5,5
02/10/2019;5,5
03/10/2019;5,5
04/10/2019;5,5
05/10/2019;5,5
06/10/2019;5,5
07/10/2019;5,5
08/10/2019;5,5
09/10/2019;5,5
10/10/2019;5,5
11/10/2019;5,5
12/10/2019;5,5
13/10/2019;5,5
14/10/2019;5,5
15/10/2019;5,5
16/10/2019;5,5
17/10/2019;5,5
18/10/2019;5,5
19/10/2019;5,5
20/10/2019;5,5
21/10/2019;5,5
22/10/2019;5,5
23/10/2019;5,5
24/10/2019;5,5
25/10/2019;5,5
26/10/2019;5,5
27/10/2019;5,5
28/10/2019;5,5
29/10/2019;5,5
30/10/2019;5,5
31/10/2019;5
01/11/2019;5
02/11/2019;5
03/11/2019;5
04/11/2019;5
05/11/2019;5
06/11/2019;5
07/11/2019;5
08/11/2019;5
09/11/2019;5
10/11/2019;5
11/11/2019;5
12/11/2019;5
13/11/2019;5
14/11/2019;5
15/11/2019;5
16/11/2019;5
17/11/2019;5
18/11/2019;5
19/11/2019;5
20/11/2019;5
21/11/2019;5
22/11/2019;5
23/11/2019;5
24/11/2019;5
25/11/2019;5
26/11/2019;5
27/11/2019;5
28/11/2019;5
29/11/2019;5
30/11/2019;5
01/12/2019;5
02/12/2019;5
03/12/2019;5
04/12/2019;5
05/12/2019;5
06/12/2019;5
07/12/2019;5
08/12/2019;5
09/12/2019;5
10/12/2019;5
11/12/2019;5
12/12/2019;4,5
13/12/2019;4,5
14/12/2019;4,5
15/12/2019;4,5
16/12/2019;4,5
17/12/2019;4,5
18/12/2019;4,5
19/12/2019;4,5
20/12/2019;4,5
21/12/2019;4,5
22/12/2019;4,5
23/12/2019;4,5
24/12/2019;4,5
25/12/2019;4,5
26/12/2019;4,5
27/12/2019;4,5
28/12/2019;4,5
29/12/2019;4,5
30/12/2019;4,5
31/12/2019;4,5
01/01/2020;4,5
02/01/2020;4,5
03/01/2020;4,5
04/01/2020;4,5
05/01/2020;4,5
06/01/2020;4,5
07/01/2020;4,5
08/01/2020;4,5
09/01/2020;4,5
10/01/2020;4,5
11/01/2020;4,5
12/01/2020;4,5
13/01/2020;4,5
14/01/2020;4,5
15/01/2020;4,5
16/01/2020;4,5
17/01/2020;4,5
18/01/2020;4,5
19/01/2020;4,5
20/01/2020;4,5
21/01/2020;4,5
22/01/2020;4,5
23/01/2020;4,5
24/01/2020;4,5
25/01/2020;4,5
26/01/2020;4,5
27/01/2020;4,5
28/01/2020;4,5
29/01/2020;4,5
30/01/2020;4,5
31/01/2020;4,5
01/02/2020;4,5
02/02/2020;4,5
03/02/2020;4,5
04/02/2020;4,5
05/02/2020;4,5
06/02/2020;4,25
07/02/2020;4,25
08/02/2020;4,25
09/02/2020;4,25
10/02/2020;4,25
11/02/2020;4,25
12/02/2020;4,25
13/02/2020;4,25
14/02/2020;4,25
15/02/2020;4,25
16/02/2020;4,25
17/02/2020;4,25
18/02/2020;4,25
19/02/2020;4,25
20/02/2020;4,25
21/02/2020;4,25
22/02/2020;4,25
23/02/2020;4,25
24/02/2020;4,25
25/02/2020;4,25
26/02/2020;4,25
27/02/2020;4,25
28/02/2020;4,25
29/02/2020;4,25
01/03/2020;4,25
02/03/2020;4,25
03/03/2020;4,25
04/03/2020;4,25
05/03/2020;4,25
06/03/2020;4,25
07/03/2020;4,25
08/03/2020;4,25
09/03/2020;4,25
10/03/2020;4,25
11/03/2020;4,25
12/03/2020;4,25
13/03/2020;4,25
14/03/2020;4,25
15/03/2020;4,25
16/03/2020;4,25
17/03/2020;4,25
18/03/2020;4,25
19/03/2020;3,75
20/03/2020;3,75
21/03/2020;3,75
22/03/2020;3,75
23/03/2020;3,75
24/03/2020;3,75
25/03/2020;3,75
26/03/2020;3,75
27/03/2020;3,75
28/03/2020;3,75
29/03/2020;3,75
30/03/2020;3,75
31/03/2020;3,75
01/04/2020;3,75
02/04/2020;3,75
03/04/2020;3,75
04/04/2020;3,75
05/04/2020;3,75
06/04/2020;3,75
07/04/2020;3,75
08/04/2020;3,75
09/04/2020;3,75
10/04/2020;3,75
11/04/2020;3,75
12/04/2020;3,75
13/04/2020;3,75
14/04/2020;3,75
15/04/2020;3,75
16/04/2020;3,75
17/04/2020;3,75
18/04/2020;3,75
19/04/2020;3,75
20/04/2020;3,75
21/04/2020;3,75
22/04/2020;3,75
23/04/2020;3,75
24/04/2020;3,75
25/04/2020;3,75
26/04/2020;3,75
27/04/2020;3,75
28/04/2020;3,75
29/04/2020;3,75
30/04/2020;3,75
01/05/2020;3,75
02/05/2020;3,75
03/05/2020;3,75
04/05/2020;3,75
05/05/2020;3,75
06/05/2020;3,75
07/05/2020;3
08/05/2020;3
09/05/2020;3
10/05/2020;3
11/05/2020;3
12/05/2020;3
13/05/2020;3
14/05/2020;3
15/05/2020;3
16/05/2020;3
17/05/2020;3
18/05/2020;3
19/05/2020;3
20/05/2020;3
21/05/2020;3
22/05/2020;3
23/05/2020;3
24/05/2020;3
25/05/2020;3
26/05/2020;3
27/05/2020;3
28/05/2020;3
29/05/2020;3
30/05/2020;3
31/05/2020;3
01/06/2020;3
02/06/2020;3
03/06/2020;3
04/06/2020;3
05/06/2020;3
06/06/2020;3
07/06/2020;3
08/06/2020;3
09/06/2020;3
10/06/2020;3
11/06/2020;3
12/06/2020;3
13/06/2020;3
14/06/2020;3
15/06/2020;3
16/06/2020;3
17/06/2020;3
18/06/2020;2,25
19/06/2020;2,25
20/06/2020;2,25
21/06/2020;2,25
22/06/2020;2,25
23/06/2020;2,25
24/06/2020;2,25
25/06/2020;2,25
26/06/2020;2,25
27/06/2020;2,25
28/06/2020;2,25
29/06/2020;2,25
30/06/2020;2,25
01/07/2020;2,25
02/07/2020;2,25
03/07/2020;2,25
04/07/2020;2,25
05/07/2020;2,25
06/07/2020;2,25
07/07/2020;2,25
08/07/2020;2,25
09/07/2020;2,25
10/07/2020;2,25
11/07/2020;2,25
12/07/2020;2,25
13/07/2020;2,25
14/07/2020;2,25
15/07/2020;2,25
16/07/2020;2,25
17/07/2020;2,25
18/07/2020;2,25
19/07/2020;2,25
20/07/2020;2,25
21/07/2020;2,25
22/07/2020;2,25
23/07/2020;2,25
24/07/2020;2,25
25/07/2020;2,25
26/07/2020;2,25
27/07/2020;2,25
28/07/2020;2,25
29/07/2020;2,25
30/07/2020;2,25
31/07/2020;2,25
01/08/2020;2,25
02/08/2020;2,25
03/08/2020;2,25
04/08/2020;2,25
05/08/2020;2,25
06/08/2020;2
07/08/2020;2
08/08/2020;2
09/08/2020;2
10/08/2020;2
11/08/2020;2
12/08/2020;2
13/08/2020;2
14/08/2020;2
15/08/2020;2
16/08/2020;2
17/08/2020;2
18/08/2020;2
19/08/2020;2
20/08/2020;2
21/08/2020;2
22/08/2020;2
23/08/2020;2
24/08/2020;2
25/08/2020;2
26/08/2020;2
27/08/2020;2
28/08/2020;2
29/08/2020;2
30/08/2020;2
31/08/2020;2
01/09/2020;2
02/09/2020;2
03/09/2020;2
04/09/2020;2
05/09/2020;2
06/09/2020;2
07/09/2020;2
08/09/2020;2
09/09/2020;2
10/09/2020;2
11/09/2020;2
12/09/2020;2
13/09/2020;2
14/09/2020;2
15/09/2020;2
16/09/2020;2
17/09/2020;2
18/09/2020;2
19/09/2020;2
20/09/2020;2
21/09/2020;2
22/09/2020;2
23/09/2020;2
24/09/2020;2
25/09/2020;2
26/09/2020;2
27/09/2020;2
28/09/2020;2
29/09/2020;2
30/09/2020;2
01/10/2020;2
02/10/2020;2
03/10/2020;2
04/10/2020;2
05/10/2020;2
06/10/2020;2
07/10/2020;2
08/10/2020;2
09/10/2020;2
10/10/2020;2
11/10/2020;2
12/10/2020;2
13/10/2020;2
14/10/2020;2
15/10/2020;2
16/10/2020;2
17/10/2020;2
18/10/2020;2
19/10/2020;2
20/10/2020;2
21/10/2020;2
22/10/2020;2
23/10/2020;2
24/10/2020;2
25/10/2020;2
26/10/2020;2
27/10/2020;2
28/10/2020;2
29/10/2020;2
30/10/2020;2
31/10/2020;2
01/11/2020;2
02/11/2020;2
03/11/2020;2
04/11/2020;2
05/11/2020;2
06/11/2020;2
07/11/2020;2
08/11/2020;2
09/11/2020;2
10/11/2020;2
11/11/2020;2
12/11/2020;2
13/11/2020;2
14/11/2020;2
15/11/2020;2
16/11/2020;2
17/11/2020;2
18/11/2020;2
19/11/2020;2
20/11/2020;2
21/11/2020;2
22/11/2020;2
23/11/2020;2
24/11/2020;2
25/11/2020;2
26/11/2020;2
27/11/2020;2
28/11/2020;2
29/11/2020;2
30/11/2020;2
01/12/2020;2
02/12/2020;2
03/12/2020;2
04/12/2020;2
05/12/2020;2
06/12/2020;2
07/12/2020;2
08/12/2020;2
09/12/2020;2
10/12/2020;2
11/12/2020;2
12/12/2020;2
13/12/2020;2
14/12/2020;2
15/12/2020;2
16/12/2020;2
17/12/2020;2
18/12/2020;2
19/12/2020;2
20/12/2020;2
21/12/2020;2
22/12/2020;2
23/12/2020;2
24/12/2020;2
25/12/2020;2
26/12/2020;2
27/12/2020;2
28/12/2020;2
29/12/2020;2
30/12/2020;2
31/12/2020;2
01/01/2021;2
02/01/2021;2
03/01/2021;2
04/01/2021;2
05/01/2021;2
06/01/2021;2
07/01/2021;2
08/01/2021;2
09/01/2021;2
10/01/2021;2
11/01/2021;2
12/01/2021;2
13/01/2021;2
14/01/2021;2
15/01/2021;2
16/01/2021;2
17/01/2021;2
18/01/2021;2
19/01/2021;2
20/01/2021;2
21/01/2021;2
22/01/2021;2
23/01/2021;2
24/01/2021;2
25/01/2021;2
26/01/2021;2
27/01/2021;2
28/01/2021;2
29/01/2021;2
30/01/2021;2
31/01/2021;2
01/02/2021;2
02/02/2021;2
03/02/2021;2
04/02/2021;2
05/02/2021;2
06/02/2021;2
07/02/2021;2
08/02/2021;2
09/02/2021;2
10/02/2021;2
11/02/2021;2
12/02/2021;2
13/02/2021;2
14/02/2021;2
15/02/2021;2
16/02/2021;2
17/02/2021;2
18/02/2021;2
19/02/2021;2
20/02/2021;2
21/02/2021;2
22/02/2021;2
23/02/2021;2
24/02/2021;2
25/02/2021;2
26/02/2021;2
27/02/2021;2
28/02/2021;2
01/03/2021;2
02/03/2021;2
03/03/2021;2
04/03/2021;2
05/03/2021;2
06/03/2021;2
07/03/2021;2
08/03/2021;2
09/03/2021;2
10/03/2021;2
11/03/2021;2
12/03/2021;2
13/03/2021;2
14/03/2021;2
15/03/2021;2
16/03/2021;2
17/03/2021;2
18/03/2021;2,75
19/03/2021;2,75
20/03/2021;2,75
21/03/2021;2,75
22/03/2021;2,75
23/03/2021;2,75
24/03/2021;2,75
25/03/2021;2,75
26/03/2021;2,75
27/03/2021;2,75
28/03/2021;2,75
29/03/2021;2,75
30/03/2021;2,75
31/03/2021;2,75
01/04/2021;2,75
02/04/2021;2,75
03/04/2021;2,75
04/04/2021;2,75
05/04/2021;2,75
06/04/2021;2,75
07/04/2021;2,75
08/04/2021;2,75
09/04/2021;2,75
10/04/2021;2,75
11/04/2021;2,75
12/04/2021;2,75
13/04/2021;2,75
14/04/2021;2,75
15/04/2021;2,75
16/04/2021;2,75
17/04/2021;2,75
18/04/2021;2,75
19/04/2021;2,75
20/04/2021;2,75
21/04/2021;2,75
22/04/2021;2,75
23/04/2021;2,75
24/04/2021;2,75
25/04/2021;2,75
26/04/2021;2,75
27/04/2021;2,75
28/04/2021;2,75
29/04/2021;2,75
30/04/2021;2,75
01/05/2021;2,75
02/05/2021;2,75
03/05/2021;2,75
04/05/2021;2,75
05/05/2021;2,75
06/05/2021;3,5
07/05/2021;3,5
08/05/2021;3,5
09/05/2021;3,5
10/05/2021;3,5
11/05/2021;3,5
12/05/2021;3,5
13/05/2021;3,5
14/05/2021;3,5
15/05/2021;3,5
16/05/2021;3,5
17/05/2021;3,5
18/05/2021;3,5
19/05/2021;3,5
20/05/2021;3,5
21/05/2021;3,5
22/05/2021;3,5
23/05/2021;3,5
24/05/2021;3,5
25/05/2021;3,5
26/05/2021;3,5
27/05/2021;3,5
28/05/2021;3,5
29/05/2021;3,5
30/05/2021;3,5
31/05/2021;3,5
01/06/2021;3,5
02/06/2021;3,5
03/06/2021;3,5
04/06/2021;3,5
05/06/2021;3,5
06/06/2021;3,5
07/06/2021;3,5
08/06/2021;3,5
09/06/2021;3,5
10/06/2021;3,5
11/06/2021;3,5
12/06/2021;3,5
13/06/2021;3,5
14/06/2021;3,5
15/06/2021;3,5
16/06/2021;3,5
17/06/2021;4,25
18/06/2021;4,25
19/06/2021;4,25
20/06/2021;4,25
21/06/2021;4,25
22/06/2021;4,25
23/06/2021;4,25
24/06/2021;4,25
25/06/2021;4,25
26/06/2021;4,25
27/06/2021;4,25
28/06/2021;4,25
29/06/2021;4,25
30/06/2021;4,25
01/07/2021;4,25
02/07/2021;4,25
03/07/2021;4,25
04/07/2021;4,25
05/07/2021;4,25
06/07/2021;4,25
07/07/2021;4,25
08/07/2021;4,25
09/07/2021;4,25
10/07/2021;4,25
11/07/2021;4,25
12/07/2021;4,25
13/07/2021;4,25
14/07/2021;4,25
15/07/2021;4,25
16/07/2021;4,25
17/07/2021;4,25
18/07/2021;4,25
19/07/2021;4,25
20/07/2021;4,25
21/07/2021;4,25
22/07/2021;4,25
23/07/2021;4,25
24/07/2021;4,25
25/07/2021;4,25
26/07/2021;4,25
27/07/2021;4,25
28/07/2021;4,25
29/07/2021;4,25
30/07/2021;4,25
31/07/2021;4,25
01/08/2021;4,25
02/08/2021;4,25
03/08/2021;4,25
04/08/2021;4,25
05/08/2021;5,25
06/08/2021;5,25
07/08/2021;5,25
08/08/2021;5,25
09/08/2021;5,25
10/08/2021;5,25
11/08/2021;5,25
12/08/2021;5,25
13/08/2021;5,25
14/08/2021;5,25
15/08/2021;5,25
16/08/2021;5,25
17/08/2021;5,25
18/08/2021;5,25
19/08/2021;5,25
20/08/2021;5,25
21/08/2021;5,25
22/08/2021;5,25
23/08/2021;5,25
24/08/2021;5,25
25/08/2021;5,25
26/08/2021;5,25
27/08/2021;5,25
28/08/2021;5,25
29/08/2021;5,25
30/08/2021;5,25
31/08/2021;5,25
01/09/2021;5,25
02/09/2021;5,25
03/09/2021;5,25
04/09/2021;5,25
05/09/2021;5,25
06/09/2021;5,25
07/09/2021;5,25
08/09/2021;5,25
09/09/2021;5,25
10/09/2021;5,25
11/09/2021;5,25
12/09/2021;5,25
13/09/2021;5,25
14/09/2021;5,25
15/09/2021;5,25
16/09/2021;5,25
17/09/2021;5,25
18/09/2021;5,25
19/09/2021;5,25
20/09/2021;5,25
21/09/2021;5,25
22/09/2021;5,25
23/09/2021;6,25
24/09/2021;6,25
25/09/2021;6,25
26/09/2021;6,25
27/09/2021;6,25
28/09/2021;6,25
29/09/2021;6,25
30/09/2021;6,25
01/10/2021;6,25
02/10/2021;6,25
03/10/2021;6,25
04/10/2021;6,25
05/10/2021;6,25
06/10/2021;6,25
07/10/2021;6,25
08/10/2021;6,25
09/10/2021;6,25
10/10/2021;6,25
11/10/2021;6,25
12/10/2021;6,25
13/10/2021;6,25
14/10/2021;6,25
15/10/2021;6,25
16/10/2021;6,25
17/10/2021;6,25
18/10/2021;6,25
19/10/2021;6,25
20/10/2021;6,25
21/10/2021;6,25
22/10/2021;6,25
23/10/2021;6,25
24/10/2021;6,25
25/10/2021;6,25
26/10/2021;6,25
27/10/2021;6,25
28/10/2021;7,75
29/10/2021;7,75
30/10/2021;7,75
31/10/2021;7,75
01/11/2021;7,75
02/11/2021;7,75
03/11/2021;7,75
04/11/2021;7,75
05/11/2021;7,75
06/11/2021;7,75
07/11/2021;7,75
08/11/2021;7,75
09/11/2021;7,75
10/11/2021;7,75
11/11/2021;7,75
12/11/2021;7,75
13/11/2021;7,75
14/11/2021;7,75
15/11/2021;7,75
16/11/2021;7,75
17/11/2021;7,75
18/11/2021;7,75
19/11/2021;7,75
20/11/2021;7,75
21/11/2021;7,75
22/11/2021;7,75
23/11/2021;7,75
24/11/2021;7,75
25/11/2021;7,75
26/11/2021;7,75
27/11/2021;7,75
28/11/2021;7,75
29/11/2021;7,75
30/11/2021;7,75
01/12/2021;7,75
02/12/2021;7,75
03/12/2021;7,75
04/12/2021;7,75
05/12/2021;7,75
06/12/2021;7,75
07/12/2021;7,75
08/12/2021;7,75
09/12/2021;9,25
10/12/2021;9,25
11/12/2021;9,25
12/12/2021;9,25
13/12/2021;9,25
14/12/2021;9,25
15/12/2021;9,25
16/12/2021;9,25
17/12/2021;9,25
18/12/2021;9,25
19/12/2021;9,25
20/12/2021;9,25
21/12/2021;9,25
22/12/2021;9,25
23/12/2021;9,25
24/12/2021;9,25
25/12/2021;9,25
26/12/2021;9,25
27/12/2021;9,25
28/12/2021;9,25
29/12/2021;9,25
30/12/2021;9,25
31/12/2021;9,25
01/01/2022;9,25
02/01/2022;9,25
03/01/2022;9,25
04/01/2022;9,25
05/01/2022;9,25
06/01/2022;9,25
07/01/2022;9,25
08/01/2022;9,25
09/01/2022;9,25
10/01/2022;9,25
11/01/2022;9,25
12/01/2022;9,25
13/01/2022;9,25
14/01/2022;9,25
15/01/2022;9,25
16/01/2022;9,25
17/01/2022;9,25
18/01/2022;9,25
19/01/2022;9,25
20/01/2022;9,25
21/01/2022;9,25
22/01/2022;9,25
23/01/2022;9,25
24/01/2022;9,25
25/01/2022;9,25
26/01/2022;9,25
27/01/2022;9,25
28/01/2022;9,25
29/01/2022;9,25
30/01/2022;9,25
31/01/2022;9,25
01/02/2022;9,25
02/02/2022;9,25
03/02/2022;10,75
04/02/2022;10,75
05/02/2022;10,75
06/02/2022;10,75
07/02/2022;10,75
08/02/2022;10,75
09/02/2022;10,75
10/02/2022;10,75
11/02/2022;10,75
12/02/2022;10,75
13/02/2022;10,75
14/02/2022;10,75
15/02/2022;10,75
16/02/2022;10,75
17/02/2022;10,75
18/02/2022;10,75
19/02/2022;10,75
20/02/2022;10,75
21/02/2022;10,75
22/02/2022;10,75
23/02/2022;10,75
24/02/2022;10,75
25/02/2022;10,75
26/02/2022;10,75
27/02/2022;10,75
28/02/2022;10,75
01/03/2022;10,75
02/03/2022;10,75
03/03/2022;10,75
04/03/2022;10,75
05/03/2022;10,75
06/03/2022;10,75
07/03/2022;10,75
08/03/2022;10,75
09/03/2022;10,75
10/03/2022;10,75
11/03/2022;10,75
12/03/2022;10,75
13/03/2022;10,75
14/03/2022;10,75
15/03/2022;10,75
16/03/2022;10,75
17/03/2022;11,75
18/03/2022;11,75
19/03/2022;11,75
20/03/2022;11,75
21/03/2022;11,75
22/03/2022;11,75
23/03/2022;11,75
24/03/2022;11,75
25/03/2022;11,75
26/03/2022;11,75
27/03/2022;11,75
28/03/2022;11,75
29/03/2022;11,75
30/03/2022;11,75
31/03/2022;11,75
01/04/2022;11,75
02/04/2022;11,75
03/04/2022;11,75
04/04/2022;11,75
05/04/2022;11,75
06/04/2022;11,75
07/04/2022;11,75
08/04/2022;11,75
09/04/2022;11,75
10/04/2022;11,75
11/04/2022;11,75
12/04/2022;11,75
13/04/2022;11,75
14/04/2022;11,75
15/04/2022;11,75
16/04/2022;11,75
17/04/2022;11,75
18/04/2022;11,75
19/04/2022;11,75
20/04/2022;11,75
21/04/2022;11,75
22/04/2022;11,75
23/04/2022;11,75
24/04/2022;11,75
25/04/2022;11,75
26/04/2022;11,75
27/04/2022;11,75
28/04/2022;11,75
29/04/2022;11,75
30/04/2022;11,75
01/05/2022;11,75
02/05/2022;11,75
03/05/2022;11,75
04/05/2022;11,75
05/05/2022;12,75
06/05/2022;12,75
07/05/2022;12,75
08/05/2022;12,75
09/05/2022;12,75
10/05/2022;12,75
11/05/2022;12,75
12/05/2022;12,75
13/05/2022;12,75
14/05/2022;12,75
15/05/2022;12,75
16/05/2022;12,75
17/05/2022;12,75
18/05/2022;12,75
19/05/2022;12,75
20/05/2022;12,75
21/05/2022;12,75
22/05/2022;12,75
23/05/2022;12,75
24/05/2022;12,75
25/05/2022;12,75
26/05/2022;12,75
27/05/2022;12,75
28/05/2022;12,75
29/05/2022;12,75
30/05/2022;12,75
31/05/2022;12,75
01/06/2022;12,75
02/06/2022;12,75
03/06/2022;12,75
04/06/2022;12,75
05/06/2022;12,75
06/06/2022;12,75
07/06/2022;12,75
08/06/2022;12,75
09/06/2022;12,75
10/06/2022;12,75
11/06/2022;12,75
12/06/2022;12,75
13/06/2022;12,75
14/06/2022;12,75
15/06/2022;12,75
16/06/2022;13,25
17/06/2022;13,25
18/06/2022;13,25
19/06/2022;13,25
20/06/2022;13,25
21/06/2022;13,25
22/06/2022;13,25
23/06/2022;13,25
24/06/2022;13,25
25/06/2022;13,25
26/06/2022;13,25
27/06/2022;13,25
28/06/2022;13,25
29/06/2022;13,25
30/06/2022;13,25
01/07/2022;13,25
02/07/2022;13,25
03/07/2022;13,25
04/07/2022;13,25
05/07/2022;13,25
06/07/2022;13,25
07/07/2022;13,25
08/07/2022;13,25
09/07/2022;13,25
10/07/2022;13,25
11/07/2022;13,25
12/07/2022;13,25
13/07/2022;13,25
14/07/2022;13,25
15/07/2022;13,25
16/07/2022;13,25
17/07/2022;13,25
18/07/2022;13,25
19/07/2022;13,25
20/07/2022;13,25
21/07/2022;13,25
22/07/2022;13,25
23/07/2022;13,25
24/07/2022;13,25
25/07/2022;13,25
26/07/2022;13,25
27/07/2022;13,25
28/07/2022;13,25
29/07/2022;13,25
30/07/2022;13,25
31/07/2022;13,25
01/08/2022;13,25
02/08/2022;13,25
03/08/2022;13,25
04/08/2022;13,75
05/08/2022;13,75
06/08/2022;13,75
07/08/2022;13,75
08/08/2022;13,75
09/08/2022;13,75
10/08/2022;13,75
11/08/2022;13,75
12/08/2022;13,75
13/08/2022;13,75
14/08/2022;13,75
15/08/2022;13,75
16/08/2022;13,75
17/08/2022;13,75
18/08/2022;13,75
19/08/2022;13,75
20/08/2022;13,75
21/08/2022;13,75
22/08/2022;13,75
23/08/2022;13,75
24/08/2022;13,75
25/08/2022;13,75
26/08/2022;13,75
27/08/2022;13,75
28/08/2022;13,75
29/08/2022;13,75
30/08/2022;13,75
31/08/2022;13,75
01/09/2022;13,75
02/09/2022;13,75
03/09/2022;13,75
04/09/2022;13,75
05/09/2022;13,75
06/09/2022;13,75
07/09/2022;13,75
08/09/2022;13,75
09/09/2022;13,75
10/09/2022;13,75
11/09/2022;13,75
12/09/2022;13,75
13/09/2022;13,75
14/09/2022;13,75
15/09/2022;13,75
16/09/2022;13,75
17/09/2022;13,75
18/09/2022;13,75
19/09/2022;13,75
20/09/2022;13,75
21/09/2022;13,75
22/09/2022;13,75
23/09/2022;13,75
24/09/2022;13,75
25/09/2022;13,75
26/09/2022;13,75
27/09/2022;13,75
28/09/2022;13,75
29/09/2022;13,75
30/09/2022;13,75
01/10/2022;13,75
02/10/2022;13,75
03/10/2022;13,75
04/10/2022;13,75
05/10/2022;13,75
06/10/2022;13,75
07/10/2022;13,75
08/10/2022;13,75
09/10/2022;13,75
10/10/2022;13,75
11/10/2022;13,75
12/10/2022;13,75
13/10/2022;13,75
14/10/2022;13,75
15/10/2022;13,75
16/10/2022;13,75
17/10/2022;13,75
18/10/2022;13,75
19/10/2022;13,75
20/10/2022;13,75
21/10/2022;13,75
22/10/2022;13,75
23/10/2022;13,75
24/10/2022;13,75
25/10/2022;13,75
26/10/2022;13,75
27/10/2022;13,75
28/10/2022;13,75
29/10/2022;13,75
30/10/2022;13,75
31/10/2022;13,75
01/11/2022;13,75
02/11/2022;13,75
03/11/2022;13,75
04/11/2022;13,75
05/11/2022;13,75
06/11/2022;13,75
07/11/2022;13,75
08/11/2022;13,75
09/11/2022;13,75
10/11/2022;13,75
11/11/2022;13,75
12/11/2022;13,75
13/11/2022;13,75
14/11/2022;13,75
15/11/2022;13,75
16/11/2022;13,75
17/11/2022;13,75
18/11/2022;13,75
19/11/2022;13,75
20/11/2022;13,75
21/11/2022;13,75
22/11/2022;13,75
23/11/2022;13,75
24/11/2022;13,75
25/11/2022;13,75
26/11/2022;13,75
27/11/2022;13,75
28/11/2022;13,75
29/11/2022;13,75
30/11/2022;13,75
01/12/2022;13,75
02/12/2022;13,75
03/12/2022;13,75
04/12/2022;13,75
05/12/2022;13,75
06/12/2022;13,75
07/12/2022;13,75
08/12/2022;13,75
09/12/2022;13,75
10/12/2022;13,75
11/12/2022;13,75
12/12/2022;13,75
13/12/2022;13,75
14/12/2022;13,75
15/12/2022;13,75
16/12/2022;13,75
17/12/2022;13,75
18/12/2022;13,75
19/12/2022;13,75
20/12/2022;13,75
21/12/2022;13,75
22/12/2022;13,75
23/12/2022;13,75
24/12/2022;13,75
25/12/2022;13,75
26/12/2022;13,75
27/12/2022;13,75
28/12/2022;13,75
29/12/2022;13,75
30/12/2022;13,75
31/12/2022;13,75
01/01/2023;13,75
02/01/2023;13,75
03/01/2023;13,75
04/01/2023;13,75
05/01/2023;13,75
06/01/2023;13,75
07/01/2023;13,75
08/01/2023;13,75
09/01/2023;13,75
10/01/2023;13,75
11/01/2023;13,75
12/01/2023;13,75
13/01/2023;13,75
14/01/2023;13,75
15/01/2023;13,75
16/01/2023;13,75
17/01/2023;13,75
18/01/2023;13,75
19/01/2023;13,75
20/01/2023;13,75
21/01/2023;13,75
22/01/2023;13,75
23/01/2023;13,75
24/01/2023;13,75
25/01/2023;13,75
26/01/2023;13,75
27/01/2023;13,75
28/01/2023;13,75
29/01/2023;13,75
30/01/2023;13,75
31/01/2023;13,75
01/02/2023;13,75
02/02/2023;13,75
03/02/2023;13,75
04/02/2023;13,75
05/02/2023;13,75
06/02/2023;13,75
07/02/2023;13,75
08/02/2023;13,75
09/02/2023;13,75
10/02/2023;13,75
11/02/2023;13,75
12/02/2023;13,75
13/02/2023;13,75
14/02/2023;13,75
15/02/2023;13,75
16/02/2023;13,75
17/02/2023;13,75
18/02/2023;13,75
19/02/2023;13,75
20/02/2023;13,75
21/02/2023;13,75
22/02/2023;13,75
23/02/2023;13,75
24/02/2023;13,75
25/02/2023;13,75
26/02/2023;13,75
27/02/2023;13,75
28/02/2023;13,75
01/03/2023;13,75
02/03/2023;13,75
03/03/2023;13,75
04/03/2023;13,75
05/03/2023;13,75
06/03/2023;13,75
07/03/2023;13,75
08/03/2023;13,75
09/03/2023;13,75
10/03/2023;13,75
11/03/2023;13,75
12/03/2023;13,75
13/03/2023;13,75
14/03/2023;13,75
15/03/2023;13,75
16/03/2023;13,75
17/03/2023;13,75
18/03/2023;13,75
19/03/2023;13,75
20/03/2023;13,75
21/03/2023;13,75
22/03/2023;13,75
23/03/2023;13,75
24/03/2023;13,75
25/03/2023;13,75
26/03/2023;13,75
27/03/2023;13,75
28/03/2023;13,75
29/03/2023;13,75
30/03/2023;13,75
31/03/2023;13,75
01/04/2023;13,75
02/04/2023;13,75
